140011 ,884 ,722 
140012 ,11 ,416 
140013 ,11 ,416 
140014 ,11 ,413 
140015 ,10 ,413 
140016 ,7 ,412 
140017 ,10 ,413 
140018 ,10 ,413 
140019 ,10 ,410 
140022 ,9 ,414 
140023 ,10 ,418 
140025 ,780 ,524 
140027 ,489 ,370 
140029 ,12 ,334 
140030 ,788 ,521 
140031 ,11 ,477 
140032 ,11 ,477 
140033 ,11 ,475 
140037 ,10 ,472 
140039 ,11 ,472 
140043 ,10 ,408 
140044 ,10 ,409 
140048 ,13 ,327 
140049 ,12 ,469 
140050 ,12 ,468 
140059 ,407 ,365 
140064 ,12 ,329 
140069 ,10 ,328 
140070 ,11 ,327 
140073 ,10 ,470 
140088 ,400 ,357 
140089 ,11 ,319 
140090 ,12 ,322 
140091 ,8 ,460 
140092 ,8 ,460 
140093 ,10 ,460 
140094 ,9 ,460 
140096 ,12 ,321 
140116 ,403 ,369 
140117 ,400 ,371 
140126 ,1 ,411 
140128 ,10 ,416 
140131 ,10 ,418 
140139 ,11 ,407 
140144 ,8 ,410 
140145 ,9 ,408 
140146 ,9 ,408 
140150 ,11 ,408 
140151 ,10 ,408 
140152 ,9 ,407 
140153 ,10 ,406 
140154 ,9 ,405 
140157 ,1007 ,284 
140162 ,11 ,402 
140180 ,10 ,410 
140181 ,8 ,412 
140191 ,10 ,409 
140192 ,11 ,411 
140193 ,9 ,412 
140194 ,10 ,413 
140195 ,11 ,413 
140198 ,9 ,409 
140199 ,10 ,408 
140200 ,10 ,408 
140201 ,10 ,406 
140202 ,11 ,404 
140203 ,10 ,403 
140204 ,12 ,403 
140206 ,719 ,698 
140207 ,10 ,401 
140208 ,11 ,400 
140209 ,11 ,399 
140210 ,11 ,398 
140214 ,11 ,319 
140219 ,12 ,315 
140220 ,11 ,313 
140222 ,11 ,454 
140248 ,687 ,96 
140254 ,493 ,373 
140285 ,1105 ,524 
140292 ,835 ,621 
140295 ,403 ,351 
140296 ,11 ,449 
140297 ,11 ,448 
140298 ,11 ,447 
140299 ,8 ,447 
140301 ,12 ,307 
140311 ,10 ,290 
140317 ,569 ,687 
140325 ,10 ,438 
140326 ,492 ,336 
140327 ,13 ,436 
140328 ,9 ,436 
140329 ,10 ,434 
140330 ,11 ,433 
140331 ,954 ,389 
140346 ,567 ,681 
140350 ,12 ,438 
140359 ,542 ,689 
140360 ,542 ,689 
140369 ,539 ,691 
140384 ,1155 ,576 
140426 ,965 ,495 
140442 ,525 ,680 
140500 ,651 ,193 
140508 ,648 ,190 
140509 ,939 ,145 
140547 ,364 ,352 
140548 ,798 ,471 
140556 ,5 ,623 
140558 ,798 ,318 
140574 ,1515 ,182 
140577 ,10 ,348 
140579 ,640 ,95 
140582 ,832 ,680 
140584 ,648 ,331 
140586 ,1513 ,188 
140613 ,66 ,30 
140620 ,528 ,144 
140638 ,548 ,156 
140639 ,887 ,6 
140641 ,898 ,14 
140643 ,920 ,46 
140647 ,955 ,95 
140649 ,641 ,267 
140650 ,979 ,132 
140695 ,1318 ,104 
140699 ,1319 ,123 
140700 ,1318 ,123 
140702 ,1411 ,100 
140707 ,1033 ,706 
140730 ,1099 ,355 
140738 ,1255 ,118 
140739 ,998 ,392 
140741 ,1208 ,145 
140743 ,1195 ,146 
140769 ,1305 ,444 
140776 ,1238 ,62 
140777 ,1238 ,64 
140778 ,1238 ,66 
140779 ,1237 ,64 
140780 ,1239 ,66 
140782 ,1511 ,641 
140786 ,635 ,582 
140798 ,348 ,609 
140799 ,1177 ,66 
140811 ,1206 ,48 
140815 ,1210 ,54 
140817 ,722 ,624 
140827 ,824 ,297 
140829 ,961 ,171 
140864 ,981 ,583 
140908 ,755 ,100 
140915 ,551 ,692 
140935 ,528 ,105 
140936 ,543 ,111 
140937 ,559 ,109 
140948 ,622 ,71 
140954 ,653 ,56 
140960 ,657 ,84 
140967 ,1030 ,117 
140972 ,906 ,62 
141017 ,1507 ,817 
141025 ,995 ,189 
141026 ,1013 ,195 
141027 ,1032 ,205 
141032 ,1122 ,237 
141038 ,1227 ,237 
141039 ,1251 ,240 
141040 ,1270 ,243 
141051 ,1377 ,246 
141053 ,795 ,344 
141086 ,969 ,266 
141096 ,949 ,68 
141097 ,970 ,74 
141102 ,826 ,350 
141104 ,873 ,362 
141105 ,477 ,468 
141111 ,947 ,464 
141115 ,723 ,512 
141116 ,757 ,523 
141117 ,726 ,67 
141118 ,733 ,66 
141120 ,925 ,286 
141121 ,699 ,487 
141123 ,660 ,709 
141127 ,936 ,99 
141129 ,984 ,136 
141143 ,1283 ,466 
141146 ,1187 ,466 
141147 ,1158 ,428 
141150 ,1319 ,411 
141151 ,1167 ,407 
141152 ,1205 ,422 
141154 ,1469 ,490 
141160 ,1275 ,397 
141164 ,1287 ,351 
141181 ,384 ,446 
141223 ,1515 ,742 
141227 ,782 ,455 
141240 ,550 ,420 
141243 ,531 ,437 
141246 ,519 ,450 
141247 ,1510 ,638 
141250 ,490 ,499 
141251 ,490 ,500 
141253 ,467 ,500 
141254 ,458 ,502 
141267 ,396 ,499 
141279 ,428 ,504 
141292 ,455 ,517 
141295 ,467 ,534 
141296 ,472 ,540 
141301 ,489 ,565 
141307 ,513 ,586 
141322 ,550 ,562 
141323 ,720 ,569 
141326 ,535 ,763 
141327 ,546 ,572 
141331 ,544 ,658 
141345 ,1178 ,660 
141346 ,1175 ,668 
141347 ,1177 ,668 
141354 ,569 ,534 
141355 ,569 ,527 
141356 ,568 ,517 
141363 ,1193 ,117 
141371 ,691 ,453 
141374 ,1128 ,481 
141376 ,1123 ,467 
141382 ,44 ,461 
141385 ,1211 ,493 
141386 ,1212 ,492 
141394 ,491 ,384 
141395 ,490 ,385 
141396 ,484 ,386 
141397 ,478 ,391 
141398 ,884 ,519 
141399 ,462 ,402 
141401 ,450 ,409 
141402 ,440 ,424 
141403 ,433 ,436 
141404 ,430 ,446 
141406 ,424 ,451 
141407 ,421 ,450 
141408 ,420 ,452 
141409 ,412 ,445 
141410 ,404 ,444 
141412 ,399 ,445 
141413 ,395 ,448 
141414 ,390 ,449 
141415 ,387 ,444 
141416 ,382 ,445 
141417 ,383 ,447 
141418 ,376 ,444 
141419 ,367 ,442 
141420 ,363 ,438 
141421 ,358 ,436 
141422 ,8 ,531 
141425 ,341 ,439 
141426 ,338 ,437 
141431 ,317 ,433 
141432 ,313 ,429 
141433 ,313 ,427 
141434 ,312 ,429 
141472 ,441 ,430 
141474 ,897 ,675 
141475 ,895 ,676 
141476 ,892 ,675 
141477 ,890 ,673 
141506 ,698 ,58 
141507 ,699 ,57 
141523 ,1276 ,415 
141526 ,717 ,485 
141527 ,1115 ,331 
141533 ,1512 ,689 
141534 ,699 ,59 
141537 ,697 ,65 
141548 ,1241 ,437 
141559 ,917 ,426 
141591 ,1042 ,364 
141604 ,5 ,362 
141643 ,899 ,501 
141646 ,346 ,328 
141720 ,694 ,216 
141753 ,709 ,282 
141763 ,607 ,86 
141768 ,735 ,668 
141790 ,871 ,171 
141792 ,1023 ,62 
141795 ,515 ,533 
141804 ,633 ,705 
141805 ,640 ,765 
141809 ,596 ,412 
141818 ,630 ,694 
141836 ,167 ,754 
141839 ,420 ,753 
141842 ,608 ,679 
141845 ,868 ,751 
141846 ,875 ,751 
141847 ,882 ,750 
141848 ,884 ,752 
141849 ,887 ,755 
141850 ,886 ,750 
141866 ,533 ,637 
141867 ,569 ,804 
141881 ,919 ,784 
141882 ,922 ,785 
141883 ,924 ,782 
141884 ,927 ,785 
141885 ,929 ,783 
141886 ,930 ,784 
141887 ,591 ,781 
141888 ,587 ,782 
141922 ,726 ,188 
141954 ,614 ,404 
141968 ,629 ,263 
141980 ,909 ,753 
141982 ,607 ,746 
141984 ,541 ,750 
141985 ,335 ,752 
142003 ,1367 ,188 
142004 ,1369 ,188 
142005 ,1065 ,715 
142006 ,1373 ,187 
142007 ,1375 ,184 
142008 ,1377 ,184 
142009 ,1071 ,27 
142010 ,1071 ,25 
142013 ,1073 ,22 
142014 ,1074 ,21 
142015 ,1076 ,20 
142016 ,1076 ,17 
142017 ,1076 ,16 
142018 ,1077 ,16 
142019 ,1077 ,13 
142020 ,1078 ,12 
142021 ,1080 ,10 
142022 ,1079 ,10 
142023 ,859 ,678 
142025 ,858 ,669 
142026 ,859 ,666 
142027 ,858 ,662 
142028 ,846 ,706 
142038 ,854 ,703 
142042 ,291 ,753 
142043 ,299 ,754 
142044 ,300 ,754 
142045 ,304 ,755 
142046 ,306 ,755 
142047 ,306 ,755 
142049 ,194 ,755 
142051 ,922 ,315 
142057 ,925 ,312 
142058 ,924 ,312 
142059 ,923 ,309 
142060 ,925 ,308 
142065 ,926 ,308 
142066 ,923 ,303 
142069 ,928 ,304 
142070 ,854 ,717 
142072 ,928 ,300 
142078 ,865 ,657 
142079 ,928 ,292 
142080 ,858 ,698 
142082 ,859 ,688 
142083 ,859 ,687 
142105 ,942 ,268 
142106 ,942 ,267 
142107 ,944 ,265 
142108 ,944 ,264 
142109 ,943 ,263 
142110 ,943 ,266 
142111 ,615 ,263 
142112 ,866 ,696 
142113 ,867 ,693 
142114 ,868 ,715 
142115 ,869 ,712 
142117 ,946 ,256 
142118 ,946 ,255 
142121 ,950 ,250 
142123 ,948 ,251 
142124 ,608 ,249 
142127 ,949 ,246 
142128 ,948 ,245 
142129 ,951 ,243 
142130 ,876 ,705 
142131 ,952 ,242 
142133 ,879 ,699 
142134 ,879 ,688 
142145 ,882 ,679 
142147 ,885 ,711 
142148 ,883 ,701 
142151 ,884 ,677 
142152 ,884 ,664 
142153 ,961 ,218 
142155 ,961 ,217 
142156 ,962 ,216 
142157 ,961 ,213 
142158 ,963 ,213 
142159 ,963 ,212 
142160 ,888 ,681 
142161 ,962 ,209 
142162 ,963 ,209 
142163 ,889 ,706 
142164 ,965 ,206 
142165 ,965 ,204 
142166 ,891 ,671 
142167 ,966 ,203 
142168 ,965 ,202 
142170 ,966 ,197 
142171 ,968 ,197 
142172 ,966 ,195 
142173 ,966 ,194 
142174 ,967 ,193 
142175 ,892 ,670 
142176 ,970 ,192 
142177 ,969 ,192 
142178 ,970 ,189 
142179 ,970 ,188 
142180 ,970 ,187 
142181 ,910 ,677 
142182 ,972 ,182 
142183 ,971 ,184 
142186 ,972 ,177 
142187 ,973 ,178 
142190 ,974 ,176 
142191 ,975 ,173 
142192 ,976 ,172 
142193 ,974 ,171 
142194 ,974 ,171 
142196 ,976 ,169 
142198 ,978 ,165 
142199 ,978 ,162 
142200 ,979 ,164 
142201 ,980 ,161 
142202 ,979 ,161 
142203 ,980 ,159 
142204 ,981 ,158 
142206 ,980 ,155 
142207 ,982 ,154 
142208 ,982 ,154 
142211 ,983 ,151 
142212 ,984 ,150 
142213 ,984 ,148 
142216 ,987 ,145 
142217 ,987 ,144 
142218 ,987 ,140 
142222 ,987 ,137 
142223 ,988 ,135 
142224 ,908 ,565 
142225 ,904 ,543 
142226 ,902 ,526 
142227 ,902 ,525 
142228 ,896 ,495 
142229 ,924 ,656 
142230 ,893 ,480 
142231 ,889 ,466 
142232 ,886 ,452 
142233 ,888 ,456 
142234 ,883 ,445 
142235 ,881 ,434 
142236 ,877 ,427 
142237 ,874 ,420 
142238 ,870 ,415 
142240 ,866 ,411 
142241 ,864 ,408 
142242 ,859 ,406 
142243 ,857 ,406 
142244 ,853 ,407 
142245 ,852 ,410 
142246 ,849 ,412 
142247 ,845 ,414 
142248 ,842 ,419 
142249 ,838 ,426 
142250 ,834 ,434 
142251 ,936 ,641 
142252 ,830 ,446 
142253 ,827 ,454 
142254 ,823 ,465 
142255 ,817 ,478 
142256 ,816 ,494 
142257 ,816 ,493 
142258 ,809 ,505 
142259 ,807 ,527 
142260 ,802 ,543 
142266 ,891 ,712 
142284 ,1229 ,30 
142290 ,900 ,669 
142291 ,902 ,684 
142292 ,903 ,710 
142293 ,903 ,703 
142294 ,903 ,689 
142295 ,904 ,689 
142296 ,903 ,672 
142297 ,903 ,661 
142298 ,905 ,646 
142305 ,905 ,663 
142307 ,904 ,680 
142308 ,907 ,704 
142309 ,906 ,701 
142310 ,907 ,687 
142311 ,907 ,669 
142315 ,912 ,639 
142321 ,910 ,670 
142323 ,908 ,703 
142326 ,1228 ,28 
142331 ,1230 ,25 
142334 ,1229 ,28 
142369 ,917 ,558 
142370 ,916 ,540 
142371 ,913 ,519 
142372 ,910 ,500 
142373 ,912 ,502 
142374 ,932 ,655 
142375 ,906 ,469 
142376 ,904 ,457 
142377 ,901 ,444 
142378 ,898 ,432 
142379 ,899 ,429 
142380 ,898 ,423 
142381 ,895 ,415 
142382 ,893 ,410 
142383 ,890 ,404 
142384 ,889 ,401 
142385 ,887 ,399 
142386 ,884 ,396 
142387 ,882 ,395 
142388 ,879 ,393 
142389 ,877 ,395 
142390 ,875 ,398 
142391 ,874 ,399 
142392 ,871 ,403 
142393 ,870 ,408 
142394 ,867 ,413 
142395 ,865 ,421 
142396 ,814 ,628 
142397 ,814 ,628 
142398 ,859 ,441 
142399 ,856 ,453 
142400 ,853 ,465 
142401 ,816 ,441 
142402 ,817 ,441 
142403 ,782 ,418 
142404 ,754 ,398 
142405 ,717 ,377 
142406 ,691 ,363 
142407 ,660 ,353 
142409 ,641 ,344 
142410 ,624 ,339 
142411 ,601 ,334 
142412 ,585 ,322 
142413 ,575 ,297 
142414 ,559 ,262 
142415 ,559 ,263 
142416 ,792 ,609 
142417 ,538 ,215 
142418 ,792 ,605 
142419 ,516 ,184 
142421 ,507 ,171 
142422 ,795 ,589 
142423 ,502 ,175 
142424 ,507 ,187 
142425 ,509 ,200 
142429 ,526 ,263 
142430 ,528 ,282 
142431 ,534 ,308 
142432 ,541 ,335 
142433 ,539 ,333 
142435 ,547 ,387 
142436 ,550 ,412 
142437 ,556 ,448 
142438 ,560 ,480 
142439 ,560 ,482 
142440 ,562 ,513 
142441 ,566 ,556 
142442 ,571 ,577 
142443 ,573 ,585 
142444 ,576 ,595 
142445 ,577 ,601 
142446 ,582 ,608 
142447 ,582 ,621 
142448 ,585 ,639 
142449 ,586 ,657 
142450 ,587 ,657 
142451 ,592 ,684 
142453 ,610 ,632 
142454 ,617 ,600 
142455 ,629 ,560 
142456 ,638 ,531 
142457 ,647 ,502 
142458 ,644 ,503 
142459 ,654 ,478 
142460 ,661 ,453 
142461 ,669 ,430 
142462 ,679 ,411 
142463 ,677 ,409 
142464 ,682 ,391 
142465 ,689 ,371 
142466 ,694 ,360 
142467 ,699 ,348 
142468 ,706 ,333 
142469 ,708 ,327 
142470 ,710 ,322 
142471 ,716 ,312 
142472 ,719 ,303 
142473 ,725 ,296 
142474 ,727 ,292 
142475 ,733 ,284 
142476 ,735 ,284 
142477 ,740 ,279 
142478 ,740 ,275 
142479 ,746 ,272 
142480 ,749 ,271 
142481 ,754 ,268 
142482 ,759 ,268 
142483 ,760 ,267 
142484 ,762 ,267 
142485 ,765 ,270 
142486 ,768 ,270 
142487 ,772 ,273 
142488 ,773 ,275 
142489 ,777 ,277 
142490 ,780 ,281 
142491 ,780 ,281 
142492 ,784 ,270 
142493 ,783 ,269 
142494 ,787 ,258 
142495 ,788 ,248 
142496 ,789 ,241 
142497 ,791 ,242 
142498 ,792 ,230 
142499 ,793 ,225 
142500 ,795 ,220 
142501 ,795 ,215 
142502 ,797 ,211 
142506 ,819 ,225 
142507 ,828 ,238 
142508 ,842 ,255 
142509 ,856 ,267 
142510 ,854 ,270 
142512 ,878 ,303 
142513 ,891 ,322 
142517 ,929 ,393 
142518 ,945 ,422 
142519 ,958 ,450 
142520 ,975 ,485 
142521 ,974 ,485 
142522 ,989 ,525 
142523 ,1004 ,553 
142524 ,1017 ,562 
142525 ,1029 ,565 
142526 ,1042 ,572 
142527 ,1065 ,593 
142528 ,1065 ,593 
142529 ,1067 ,593 
142530 ,1081 ,609 
142531 ,1094 ,625 
142532 ,1107 ,642 
142533 ,1105 ,639 
142536 ,1155 ,716 
142537 ,1167 ,736 
142538 ,774 ,692 
142539 ,989 ,83 
142540 ,988 ,83 
142541 ,987 ,83 
142542 ,986 ,82 
142543 ,986 ,82 
142546 ,1029 ,405 
142547 ,1011 ,379 
142548 ,995 ,346 
142550 ,969 ,303 
142551 ,970 ,305 
142552 ,944 ,268 
142553 ,944 ,268 
142554 ,930 ,251 
142555 ,921 ,244 
142556 ,913 ,233 
142557 ,913 ,232 
142558 ,903 ,225 
142559 ,895 ,220 
142560 ,887 ,215 
142561 ,880 ,244 
142562 ,871 ,225 
142568 ,820 ,272 
142571 ,800 ,297 
142572 ,788 ,314 
142573 ,874 ,638 
142576 ,740 ,376 
142577 ,741 ,374 
142578 ,724 ,398 
142579 ,712 ,413 
142580 ,700 ,432 
142581 ,701 ,431 
142582 ,671 ,479 
142583 ,673 ,478 
142584 ,652 ,508 
142585 ,641 ,530 
142586 ,630 ,534 
142587 ,624 ,533 
142588 ,618 ,531 
142589 ,609 ,530 
142590 ,599 ,529 
142591 ,589 ,529 
142592 ,578 ,530 
142593 ,568 ,534 
142594 ,564 ,536 
142595 ,555 ,538 
142596 ,545 ,543 
142597 ,531 ,550 
142598 ,521 ,558 
142599 ,521 ,557 
142600 ,508 ,570 
142601 ,498 ,578 
142602 ,482 ,594 
142603 ,477 ,597 
142604 ,492 ,532 
142606 ,578 ,493 
142607 ,611 ,463 
142608 ,655 ,422 
142609 ,682 ,399 
142610 ,708 ,379 
142611 ,709 ,379 
142614 ,798 ,325 
142615 ,816 ,310 
142616 ,834 ,303 
142617 ,835 ,303 
142619 ,876 ,288 
142620 ,893 ,285 
142621 ,911 ,283 
142622 ,927 ,281 
142623 ,927 ,281 
142625 ,412 ,548 
142626 ,965 ,258 
142627 ,979 ,238 
142628 ,987 ,228 
142629 ,987 ,229 
142631 ,1007 ,203 
142632 ,1016 ,193 
142633 ,1024 ,186 
142634 ,1033 ,179 
142635 ,1034 ,177 
142636 ,1048 ,168 
142637 ,1050 ,167 
142638 ,1059 ,162 
142639 ,1065 ,160 
142640 ,1072 ,159 
142641 ,1072 ,160 
142642 ,1082 ,159 
142643 ,1085 ,158 
142644 ,1094 ,160 
142645 ,1099 ,160 
142646 ,1104 ,164 
142647 ,1104 ,164 
142648 ,1111 ,166 
142649 ,1116 ,168 
142650 ,1123 ,157 
142651 ,1130 ,148 
142652 ,1135 ,140 
142653 ,1135 ,141 
142654 ,1140 ,133 
142655 ,1147 ,127 
142656 ,1153 ,123 
142657 ,1156 ,117 
142658 ,1161 ,115 
142661 ,1172 ,112 
142662 ,1174 ,111 
142672 ,652 ,352 
142694 ,1030 ,353 
142695 ,537 ,561 
142697 ,559 ,564 
142720 ,1013 ,561 
142723 ,593 ,389 
142735 ,531 ,106 
142771 ,122 ,182 
142772 ,142 ,182 
142776 ,208 ,187 
142777 ,227 ,190 
142782 ,312 ,196 
142783 ,331 ,199 
142784 ,353 ,199 
142787 ,388 ,206 
142788 ,408 ,209 
142789 ,427 ,209 
142790 ,445 ,211 
142794 ,496 ,211 
142795 ,516 ,212 
142796 ,533 ,210 
142799 ,571 ,210 
142800 ,590 ,210 
142801 ,608 ,211 
142802 ,626 ,210 
142806 ,685 ,213 
142807 ,701 ,215 
142819 ,542 ,197 
142820 ,893 ,226 
142823 ,552 ,194 
142824 ,557 ,202 
142825 ,953 ,227 
142826 ,967 ,227 
142828 ,556 ,260 
142830 ,1010 ,228 
142831 ,325 ,56 
142832 ,1036 ,231 
142834 ,359 ,61 
142835 ,1065 ,232 
142836 ,1082 ,232 
142837 ,1097 ,234 
142838 ,1112 ,234 
142839 ,1128 ,237 
142840 ,579 ,313 
142841 ,1144 ,237 
142842 ,1163 ,237 
142843 ,308 ,364 
142844 ,527 ,76 
142845 ,544 ,77 
142848 ,1237 ,245 
142849 ,1254 ,245 
142850 ,636 ,581 
142854 ,1308 ,245 
142855 ,1322 ,244 
142857 ,745 ,148 
142865 ,980 ,491 
142867 ,719 ,539 
142876 ,911 ,279 
142881 ,645 ,367 
142884 ,702 ,359 
142888 ,854 ,376 
142889 ,852 ,373 
142890 ,885 ,379 
142891 ,933 ,387 
142892 ,970 ,397 
142898 ,1039 ,443 
142899 ,1037 ,451 
142901 ,1024 ,475 
142902 ,847 ,750 
142903 ,948 ,717 
142904 ,330 ,767 
142906 ,966 ,625 
142908 ,1514 ,637 
142914 ,883 ,395 
142920 ,938 ,500 
142921 ,565 ,113 
142924 ,968 ,460 
142925 ,776 ,419 
142926 ,710 ,379 
142928 ,828 ,774 
142929 ,844 ,781 
142934 ,40 ,737 
142949 ,11 ,310 
142950 ,749 ,335 
142951 ,758 ,333 
142955 ,784 ,322 
142957 ,953 ,265 
142958 ,797 ,305 
142960 ,793 ,294 
142962 ,1202 ,823 
142963 ,934 ,104 
142964 ,337 ,106 
142975 ,389 ,401 
142976 ,375 ,438 
142980 ,410 ,430 
142982 ,453 ,338 
142983 ,458 ,322 
142984 ,485 ,297 
142985 ,487 ,298 
142986 ,512 ,292 
143006 ,414 ,272 
143017 ,1007 ,456 
143019 ,71 ,741 
143023 ,867 ,340 
143024 ,840 ,336 
143025 ,828 ,336 
143029 ,8 ,630 
143031 ,959 ,435 
143033 ,960 ,409 
143034 ,958 ,401 
143035 ,712 ,318 
143036 ,700 ,312 
143038 ,954 ,373 
143041 ,952 ,359 
143042 ,953 ,352 
143043 ,954 ,350 
143044 ,952 ,349 
143045 ,956 ,343 
143054 ,674 ,709 
143055 ,670 ,707 
143056 ,667 ,711 
143060 ,868 ,569 
143061 ,491 ,275 
143062 ,871 ,572 
143063 ,874 ,577 
143107 ,861 ,283 
143120 ,454 ,20 
143121 ,301 ,39 
143125 ,955 ,181 
143126 ,808 ,334 
143146 ,606 ,177 
143147 ,594 ,311 
143161 ,703 ,295 
143165 ,1408 ,402 
143167 ,901 ,188 
143178 ,477 ,410 
143182 ,481 ,454 
143183 ,483 ,462 
143184 ,485 ,486 
143185 ,486 ,515 
143188 ,483 ,584 
143192 ,1395 ,264 
143246 ,781 ,250 
143282 ,683 ,562 
143283 ,680 ,540 
143284 ,679 ,517 
143285 ,680 ,518 
143286 ,679 ,504 
143287 ,678 ,485 
143288 ,676 ,469 
143289 ,677 ,456 
143290 ,677 ,448 
143291 ,675 ,442 
143292 ,674 ,431 
143293 ,673 ,421 
143294 ,671 ,411 
143295 ,669 ,406 
143296 ,668 ,399 
143297 ,668 ,396 
143298 ,666 ,392 
143299 ,665 ,388 
143300 ,665 ,388 
143301 ,663 ,386 
143302 ,662 ,386 
143303 ,661 ,387 
143304 ,660 ,389 
143305 ,659 ,391 
143306 ,659 ,392 
143307 ,658 ,395 
143308 ,657 ,400 
143309 ,656 ,409 
143310 ,655 ,413 
143311 ,653 ,425 
143312 ,651 ,437 
143313 ,651 ,447 
143314 ,652 ,449 
143315 ,649 ,461 
143316 ,648 ,473 
143317 ,648 ,489 
143334 ,719 ,501 
143335 ,726 ,504 
143338 ,653 ,601 
143341 ,743 ,553 
143342 ,742 ,569 
143346 ,719 ,602 
143359 ,647 ,595 
143360 ,646 ,598 
143364 ,628 ,609 
143369 ,622 ,659 
143370 ,619 ,672 
143371 ,617 ,685 
143372 ,613 ,704 
143373 ,612 ,704 
143374 ,611 ,705 
143375 ,611 ,692 
143376 ,609 ,682 
143377 ,608 ,675 
143422 ,55 ,80 
143442 ,40 ,80 
143487 ,946 ,269 
143489 ,948 ,266 
143500 ,849 ,745 
143502 ,718 ,287 
143503 ,718 ,284 
143504 ,716 ,285 
143517 ,837 ,773 
143563 ,534 ,406 
143569 ,681 ,433 
143570 ,681 ,422 
143571 ,680 ,421 
143572 ,680 ,409 
143573 ,677 ,406 
143574 ,677 ,398 
143575 ,676 ,393 
143576 ,674 ,390 
143577 ,674 ,389 
143578 ,673 ,385 
143579 ,674 ,384 
143580 ,672 ,385 
143581 ,671 ,386 
143582 ,672 ,389 
143583 ,670 ,392 
143584 ,669 ,394 
143585 ,667 ,398 
143586 ,666 ,403 
143587 ,667 ,412 
143588 ,666 ,420 
143589 ,667 ,433 
143590 ,664 ,438 
143591 ,663 ,443 
143592 ,719 ,409 
143593 ,757 ,384 
143594 ,790 ,366 
143595 ,790 ,366 
143596 ,831 ,343 
143597 ,857 ,330 
143598 ,885 ,317 
143599 ,903 ,308 
143600 ,919 ,301 
143601 ,922 ,299 
143602 ,952 ,281 
143603 ,951 ,281 
143604 ,962 ,251 
143605 ,971 ,220 
143609 ,631 ,586 
143610 ,998 ,146 
143611 ,1009 ,133 
143612 ,1010 ,129 
143613 ,1010 ,128 
143617 ,998 ,109 
143618 ,1000 ,109 
143620 ,997 ,108 
143626 ,989 ,112 
143627 ,986 ,118 
143628 ,985 ,129 
143640 ,977 ,255 
143641 ,977 ,269 
143642 ,978 ,268 
143643 ,977 ,296 
143644 ,977 ,312 
143645 ,978 ,337 
143646 ,977 ,358 
143647 ,977 ,380 
143648 ,976 ,380 
143649 ,976 ,434 
143650 ,977 ,434 
143651 ,977 ,465 
143652 ,977 ,493 
143653 ,978 ,515 
143654 ,978 ,514 
143655 ,981 ,504 
143656 ,980 ,496 
143657 ,981 ,487 
143658 ,984 ,481 
143659 ,986 ,474 
143660 ,986 ,473 
143661 ,986 ,471 
143662 ,989 ,468 
143663 ,990 ,466 
143664 ,991 ,466 
143665 ,994 ,467 
143666 ,992 ,468 
143667 ,995 ,470 
143668 ,996 ,472 
143669 ,914 ,488 
143670 ,999 ,480 
143672 ,896 ,405 
143673 ,896 ,407 
143674 ,840 ,371 
143675 ,806 ,351 
143677 ,738 ,308 
143678 ,738 ,309 
143680 ,681 ,282 
143681 ,662 ,274 
143682 ,634 ,263 
143683 ,621 ,261 
143684 ,621 ,261 
143685 ,605 ,257 
143686 ,584 ,252 
143687 ,573 ,253 
143689 ,549 ,218 
143690 ,551 ,217 
143691 ,913 ,559 
143692 ,532 ,187 
143693 ,524 ,174 
143694 ,514 ,161 
143695 ,507 ,154 
143696 ,508 ,154 
143697 ,501 ,146 
143698 ,494 ,138 
143699 ,487 ,133 
143700 ,482 ,130 
143701 ,476 ,127 
143702 ,476 ,128 
143703 ,468 ,124 
143704 ,465 ,122 
143705 ,459 ,121 
143706 ,454 ,122 
143707 ,451 ,124 
143709 ,447 ,128 
143710 ,445 ,129 
143713 ,428 ,102 
143716 ,420 ,88 
143717 ,415 ,81 
143719 ,405 ,63 
143725 ,379 ,38 
143729 ,365 ,31 
143735 ,344 ,36 
143753 ,360 ,659 
143754 ,372 ,280 
143755 ,388 ,278 
143759 ,436 ,272 
143760 ,457 ,267 
143761 ,473 ,267 
143765 ,533 ,259 
143766 ,550 ,258 
143771 ,457 ,219 
143778 ,729 ,259 
143779 ,753 ,257 
143780 ,772 ,252 
143784 ,831 ,253 
143785 ,850 ,252 
143790 ,922 ,637 
143791 ,940 ,635 
143792 ,966 ,248 
143795 ,416 ,82 
143796 ,1026 ,248 
143797 ,1045 ,248 
143798 ,792 ,46 
143802 ,1127 ,246 
143803 ,891 ,45 
143804 ,1169 ,246 
143807 ,964 ,43 
143808 ,987 ,44 
143809 ,1263 ,242 
143810 ,1039 ,44 
143812 ,460 ,182 
143815 ,1129 ,40 
143830 ,483 ,706 
143847 ,914 ,744 
143848 ,911 ,746 
143855 ,507 ,103 
143884 ,1430 ,745 
143888 ,1107 ,70 
143921 ,365 ,237 
143933 ,165 ,303 
143939 ,282 ,391 
143950 ,1163 ,409 
143956 ,358 ,391 
143958 ,369 ,390 
143962 ,944 ,242 
143963 ,948 ,241 
143964 ,949 ,290 
143965 ,951 ,242 
143966 ,1221 ,413 
143967 ,1220 ,414 
143978 ,948 ,235 
143991 ,743 ,732 
143993 ,740 ,738 
143997 ,726 ,736 
144001 ,1134 ,99 
144002 ,721 ,733 
144003 ,721 ,733 
144004 ,86 ,653 
144005 ,718 ,732 
144007 ,860 ,735 
144008 ,149 ,639 
144010 ,77 ,653 
144013 ,67 ,653 
144014 ,66 ,653 
144016 ,64 ,651 
144017 ,61 ,650 
144018 ,62 ,651 
144019 ,60 ,653 
144020 ,59 ,653 
144021 ,58 ,655 
144023 ,57 ,653 
144029 ,54 ,653 
144030 ,58 ,659 
144033 ,49 ,654 
144034 ,789 ,729 
144035 ,790 ,727 
144044 ,805 ,730 
144080 ,1157 ,407 
144085 ,1164 ,414 
144086 ,1165 ,410 
144087 ,1165 ,411 
144088 ,1167 ,411 
144090 ,1167 ,411 
144091 ,1167 ,411 
144137 ,698 ,608 
144143 ,661 ,519 
144144 ,664 ,516 
144145 ,664 ,514 
144146 ,667 ,519 
144162 ,707 ,512 
144164 ,716 ,503 
144222 ,894 ,455 
144223 ,892 ,442 
144224 ,891 ,430 
144225 ,892 ,426 
144226 ,890 ,415 
144227 ,889 ,413 
144228 ,887 ,406 
144229 ,887 ,400 
144230 ,884 ,396 
144231 ,884 ,395 
144232 ,883 ,393 
144233 ,883 ,390 
144234 ,881 ,391 
144235 ,878 ,391 
144236 ,877 ,394 
144237 ,877 ,397 
144238 ,875 ,399 
144239 ,873 ,402 
144240 ,803 ,578 
144241 ,872 ,415 
144242 ,869 ,425 
144243 ,868 ,434 
144244 ,869 ,438 
144245 ,865 ,447 
144246 ,847 ,420 
144247 ,823 ,392 
144248 ,798 ,360 
144249 ,797 ,361 
144250 ,783 ,341 
144251 ,762 ,320 
144252 ,750 ,310 
144253 ,735 ,296 
144254 ,723 ,287 
144255 ,723 ,287 
144256 ,697 ,270 
144257 ,700 ,274 
144258 ,692 ,257 
144259 ,685 ,228 
144260 ,679 ,203 
144261 ,679 ,205 
144263 ,666 ,163 
144264 ,661 ,149 
144265 ,658 ,146 
144278 ,639 ,207 
144279 ,639 ,211 
144280 ,635 ,232 
144281 ,635 ,233 
144282 ,631 ,244 
144283 ,629 ,261 
144284 ,626 ,278 
144285 ,625 ,289 
144286 ,626 ,289 
144287 ,621 ,312 
144288 ,621 ,328 
144289 ,617 ,351 
144290 ,616 ,371 
144291 ,616 ,372 
144292 ,613 ,388 
144293 ,609 ,417 
144294 ,606 ,439 
144295 ,604 ,470 
144296 ,602 ,472 
144297 ,598 ,468 
144298 ,599 ,467 
144299 ,829 ,644 
144300 ,594 ,459 
144301 ,592 ,458 
144302 ,591 ,458 
144303 ,588 ,459 
144304 ,587 ,459 
144305 ,585 ,461 
144306 ,583 ,465 
144307 ,581 ,466 
144308 ,578 ,472 
144309 ,575 ,479 
144310 ,574 ,482 
144311 ,574 ,488 
144312 ,570 ,496 
144313 ,570 ,508 
144314 ,566 ,523 
144315 ,566 ,531 
144316 ,563 ,544 
144317 ,562 ,547 
144318 ,560 ,564 
144319 ,560 ,580 
144320 ,556 ,598 
144321 ,554 ,618 
144322 ,552 ,624 
144323 ,552 ,624 
144324 ,845 ,630 
144325 ,546 ,621 
144326 ,857 ,653 
144327 ,542 ,621 
144328 ,541 ,622 
144329 ,538 ,625 
144330 ,867 ,696 
144331 ,871 ,707 
144332 ,531 ,640 
144333 ,528 ,648 
144334 ,879 ,690 
144335 ,881 ,684 
144336 ,523 ,670 
144337 ,521 ,680 
144338 ,517 ,695 
144339 ,514 ,710 
144340 ,514 ,710 
144343 ,336 ,523 
144344 ,1087 ,671 
144345 ,1084 ,673 
144346 ,1043 ,646 
144347 ,1009 ,617 
144348 ,436 ,409 
144349 ,450 ,375 
144352 ,488 ,542 
144361 ,512 ,623 
144365 ,1073 ,782 
144367 ,501 ,593 
144377 ,1477 ,282 
144387 ,1492 ,275 
144414 ,404 ,464 
144416 ,424 ,498 
144420 ,486 ,505 
144423 ,843 ,330 
144454 ,692 ,469 
144456 ,583 ,425 
144483 ,901 ,545 
144484 ,900 ,545 
144485 ,909 ,663 
144486 ,897 ,506 
144487 ,895 ,488 
144488 ,892 ,470 
144489 ,890 ,455 
144490 ,890 ,454 
144491 ,888 ,444 
144492 ,887 ,433 
144493 ,885 ,421 
144494 ,883 ,412 
144495 ,880 ,404 
144496 ,880 ,404 
144497 ,876 ,396 
144498 ,875 ,393 
144499 ,872 ,390 
144500 ,872 ,389 
144501 ,869 ,386 
144502 ,868 ,386 
144503 ,867 ,385 
144504 ,866 ,386 
144505 ,862 ,390 
144506 ,859 ,393 
144507 ,857 ,398 
144508 ,856 ,400 
144509 ,855 ,406 
144510 ,853 ,414 
144511 ,850 ,424 
144512 ,848 ,433 
144513 ,844 ,446 
144514 ,845 ,447 
144515 ,830 ,422 
144516 ,804 ,390 
144517 ,789 ,373 
144518 ,775 ,356 
144519 ,776 ,362 
144520 ,755 ,344 
144522 ,723 ,327 
144523 ,711 ,323 
144524 ,789 ,620 
144525 ,697 ,322 
144526 ,676 ,320 
144527 ,671 ,319 
144528 ,663 ,285 
144529 ,658 ,264 
144530 ,652 ,244 
144531 ,650 ,244 
144532 ,645 ,219 
144536 ,622 ,165 
144539 ,607 ,143 
144541 ,627 ,155 
144542 ,638 ,166 
144543 ,638 ,166 
144547 ,694 ,234 
144548 ,708 ,254 
144549 ,705 ,251 
144550 ,737 ,300 
144551 ,735 ,300 
144552 ,756 ,333 
144553 ,768 ,355 
144554 ,782 ,383 
144555 ,801 ,422 
144556 ,798 ,419 
144557 ,814 ,450 
144558 ,833 ,497 
144559 ,846 ,527 
144560 ,858 ,560 
144561 ,859 ,559 
144562 ,877 ,598 
144563 ,890 ,601 
144564 ,903 ,605 
144565 ,916 ,610 
144566 ,928 ,621 
144567 ,941 ,631 
144568 ,943 ,632 
144569 ,930 ,606 
144570 ,892 ,550 
144571 ,871 ,517 
144572 ,852 ,488 
144573 ,851 ,488 
144574 ,821 ,449 
144575 ,802 ,427 
144577 ,761 ,380 
144578 ,744 ,365 
144579 ,728 ,351 
144580 ,708 ,334 
144581 ,712 ,340 
144582 ,695 ,325 
144583 ,683 ,320 
144584 ,673 ,315 
144585 ,673 ,316 
144587 ,647 ,307 
144588 ,636 ,306 
144589 ,627 ,306 
144590 ,618 ,308 
144591 ,618 ,308 
144593 ,603 ,287 
144594 ,594 ,263 
144595 ,588 ,252 
144596 ,583 ,243 
144597 ,585 ,241 
144598 ,576 ,228 
144599 ,571 ,218 
144600 ,566 ,208 
144601 ,561 ,201 
144602 ,554 ,191 
144603 ,554 ,191 
144604 ,552 ,188 
144605 ,546 ,183 
144606 ,542 ,180 
144607 ,538 ,178 
144608 ,534 ,175 
144609 ,533 ,175 
144610 ,530 ,176 
144611 ,526 ,175 
144612 ,522 ,177 
144613 ,522 ,179 
144614 ,520 ,180 
144615 ,520 ,181 
144616 ,519 ,183 
144617 ,518 ,186 
144618 ,517 ,191 
144623 ,519 ,229 
144624 ,522 ,247 
144625 ,523 ,262 
144626 ,524 ,277 
144627 ,524 ,277 
144628 ,530 ,314 
144629 ,528 ,316 
144630 ,528 ,340 
144631 ,532 ,360 
144632 ,533 ,383 
144633 ,534 ,382 
144634 ,536 ,409 
144635 ,539 ,441 
144636 ,543 ,470 
144637 ,547 ,507 
144638 ,550 ,537 
144639 ,549 ,541 
144640 ,550 ,541 
144641 ,551 ,541 
144642 ,552 ,543 
144643 ,552 ,543 
144644 ,552 ,547 
144645 ,553 ,551 
144646 ,552 ,553 
144647 ,554 ,561 
144648 ,553 ,568 
144649 ,554 ,580 
144650 ,554 ,591 
144651 ,555 ,606 
144652 ,554 ,609 
144653 ,557 ,623 
144654 ,558 ,640 
144655 ,558 ,592 
144656 ,558 ,548 
144657 ,559 ,548 
144658 ,557 ,494 
144659 ,557 ,458 
144660 ,557 ,427 
144661 ,556 ,392 
144662 ,556 ,371 
144663 ,555 ,371 
144664 ,552 ,350 
144665 ,552 ,330 
144666 ,552 ,318 
144667 ,551 ,304 
144668 ,548 ,293 
144669 ,548 ,294 
144670 ,545 ,286 
144672 ,543 ,273 
144673 ,544 ,269 
144674 ,542 ,268 
144675 ,541 ,267 
144676 ,541 ,264 
144677 ,540 ,261 
144678 ,488 ,640 
144679 ,539 ,225 
144680 ,538 ,212 
144681 ,539 ,209 
144682 ,539 ,190 
144683 ,539 ,188 
144684 ,538 ,178 
144685 ,537 ,169 
144686 ,488 ,616 
144687 ,537 ,162 
144688 ,536 ,156 
144689 ,537 ,152 
144690 ,536 ,148 
144691 ,536 ,147 
144692 ,537 ,145 
144693 ,536 ,144 
144694 ,536 ,144 
144695 ,537 ,143 
144696 ,537 ,146 
144697 ,536 ,147 
144698 ,536 ,148 
144699 ,536 ,149 
144700 ,534 ,151 
144701 ,535 ,154 
144702 ,535 ,148 
144703 ,535 ,137 
144704 ,535 ,129 
144705 ,536 ,129 
144706 ,536 ,122 
144707 ,534 ,115 
144708 ,535 ,108 
144709 ,760 ,168 
144712 ,536 ,96 
144713 ,536 ,92 
144714 ,537 ,93 
144720 ,537 ,90 
144721 ,536 ,90 
144722 ,534 ,89 
144723 ,535 ,90 
144726 ,681 ,658 
144808 ,575 ,232 
144809 ,577 ,250 
144845 ,7 ,617 
144857 ,719 ,539 
144876 ,1511 ,510 
144877 ,66 ,589 
144919 ,304 ,562 
144921 ,604 ,374 
144939 ,927 ,570 
