,Unnamed: 0,index,Frame,HitBounce,X_Ball,Y_Ball,X_Ball_onC,Y_Ball_onC,X_A_onC,Y_A_onC,X_B_onC,Y_B_onC,X1,Y1,X2,Y2,X3,Y3,X4,Y4
0,0,0,17,Front_Hit,823,354,,,,,,,,,,,,,,
1,1,1,31,Front_Hit,825,368,,,,,,,,,,,,,,
2,2,0,71,Front_Bounce,278,330,,,,,,,,,,,,,,
3,3,1,74,Front_Bounce,271,331,,,,,,,,,,,,,,
4,4,2,84,Front_Bounce,809,537,,,,,,,,,,,,,,
5,5,3,87,Front_Bounce,821,531,,,,,,,,,,,,,,
6,6,2,92,Front_Hit,849,530,,,,,,,,,,,,,,
7,7,0,123,Back_Bounce,935,196,,,,,,,,,,,,,,
8,8,0,132,Back_Hit,937,125,,,,,,,,,,,,,,
9,9,1,141,Back_Hit,860,151,,,,,,,,,,,,,,
10,10,1,141,Back_Bounce,860,151,,,,,,,,,,,,,,
11,11,4,152,Front_Bounce,726,296,,,,,,,,,,,,,,
12,12,5,161,Front_Bounce,593,519,,,,,,,,,,,,,,
13,13,3,172,Front_Hit,464,562,,,,,,,,,,,,,,
14,14,2,199,Back_Bounce,631,218,,,,,,,,,,,,,,
15,15,2,218,Back_Hit,694,132,,,,,,,,,,,,,,
16,16,3,223,Back_Hit,735,150,,,,,,,,,,,,,,
17,17,3,223,Back_Bounce,735,150,,,,,,,,,,,,,,
18,18,6,244,Front_Bounce,1039,590,,,,,,,,,,,,,,
19,19,4,249,Front_Hit,1116,577,,,,,,,,,,,,,,
20,20,4,277,Back_Bounce,937,209,,,,,,,,,,,,,,
21,21,5,281,Back_Bounce,929,172,,,,,,,,,,,,,,
22,22,5,289,Back_Hit,920,133,,,,,,,,,,,,,,
23,23,4,289,Back_Hit,920,133,,,,,,,,,,,,,,
24,24,6,310,Back_Bounce,766,189,,,,,,,,,,,,,,
25,25,6,310,Back_Hit,766,189,,,,,,,,,,,,,,
26,26,7,327,Front_Bounce,594,415,,,,,,,,,,,,,,
27,27,8,336,Front_Bounce,511,488,,,,,,,,,,,,,,
28,28,5,343,Front_Hit,451,505,,,,,,,,,,,,,,
29,29,7,358,Back_Hit,763,286,,,,,,,,,,,,,,
30,30,7,358,Back_Bounce,763,286,,,,,,,,,,,,,,
31,31,8,385,Back_Bounce,716,339,,,,,,,,,,,,,,
32,32,6,390,Front_Hit,705,337,,,,,,,,,,,,,,
33,33,8,394,Back_Hit,699,326,,,,,,,,,,,,,,
34,34,9,402,Back_Hit,685,345,,,,,,,,,,,,,,
35,35,9,402,Back_Bounce,685,345,,,,,,,,,,,,,,
36,36,7,438,Front_Hit,626,404,,,,,,,,,,,,,,
37,37,8,444,Front_Hit,616,405,,,,,,,,,,,,,,
38,38,9,449,Front_Bounce,575,732,,,,,,,,,,,,,,
39,39,10,470,Front_Bounce,1123,754,,,,,,,,,,,,,,
40,40,9,483,Front_Hit,728,738,,,,,,,,,,,,,,
41,41,11,497,Front_Bounce,658,736,,,,,,,,,,,,,,
42,42,10,536,Front_Hit,563,733,,,,,,,,,,,,,,
43,43,12,582,Front_Bounce,937,728,2.0249999999999995,12.530000000000001,-0.3550000000000004,-12.950000000000001,2.375,14.71,1023,223,496,226,284,705,1235,704
44,44,13,594,Front_Bounce,197,357,-9.685,-2.41,-0.34500000000000064,-13.0,1.7149999999999999,14.21,1023,223,496,227,284,705,1235,705
45,45,10,683,Back_Bounce,1032,39,8.235,-35.86,0.8949999999999996,-12.51,4.544999999999999,15.079999999999998,1022,224,495,226,284,705,1231,700
46,46,10,683,Back_Hit,1032,39,8.235,-35.86,0.8949999999999996,-12.51,4.544999999999999,15.079999999999998,1022,224,495,226,284,705,1231,700
47,47,14,778,Front_Bounce,1411,732,,,,,,,,,,,,,,
48,48,11,817,Back_Bounce,664,298,,,,,,,,,,,,,,
49,49,11,818,Back_Hit,763,209,,,,,,,,,,,,,,
50,50,15,819,Front_Bounce,663,285,,,,,,,,,,,,,,
51,51,12,832,Back_Bounce,667,321,,,,,,,,,,,,,,
52,52,13,847,Back_Bounce,928,241,,,,,,,,,,,,,,
53,53,12,855,Back_Hit,960,145,,,,,,,,,,,,,,
54,54,13,855,Back_Hit,960,145,,,,,,,,,,,,,,
55,55,14,869,Back_Hit,841,193,,,,,,,,,,,,,,
56,56,14,869,Back_Bounce,841,193,,,,,,,,,,,,,,
57,57,11,896,Front_Hit,595,417,,,,,,,,,,,,,,
58,58,12,916,Front_Hit,685,575,,,,,,,,,,,,,,
59,59,16,918,Front_Bounce,381,600,,,,,,,,,,,,,,
60,60,17,940,Front_Bounce,88,840,,,,,,,,,,,,,,
61,61,13,954,Front_Hit,8,838,,,,,,,,,,,,,,
62,62,14,971,Front_Hit,657,525,,,,,,,,,,,,,,
63,63,15,991,Front_Hit,667,554,,,,,,,,,,,,,,
64,64,18,1006,Front_Bounce,1331,699,,,,,,,,,,,,,,
65,65,16,1011,Front_Hit,1231,695,,,,,,,,,,,,,,
66,66,19,1013,Front_Bounce,1227,696,,,,,,,,,,,,,,
67,67,20,1017,Front_Bounce,1318,699,,,,,,,,,,,,,,
68,68,15,1052,Back_Bounce,655,316,,,,,,,,,,,,,,
69,69,16,1067,Back_Bounce,928,268,,,,,,,,,,,,,,
70,70,16,1080,Back_Hit,992,139,4.7250000000000005,-132.32999999999998,-71.685,-1456.51,-4.675000000000001,31.58,1383,601,152,615,106,713,1514,801
71,71,15,1080,Back_Hit,992,139,4.7250000000000005,-132.32999999999998,-71.685,-1456.51,-4.675000000000001,31.58,1383,601,152,615,106,713,1514,801
72,72,17,1088,Back_Hit,907,176,,,,,,,,,,,,,,
73,73,17,1088,Back_Bounce,907,176,,,,,,,,,,,,,,
74,74,17,1114,Front_Hit,527,442,,,,,,,,,,,,,,
75,75,18,1144,Back_Bounce,811,221,,,,,,,,,,,,,,
76,76,18,1154,Back_Hit,849,158,,,,,,,,,,,,,,
77,77,19,1156,Back_Hit,838,164,,,,,,,,,,,,,,
78,78,19,1156,Back_Bounce,838,164,,,,,,,,,,,,,,
79,79,18,1183,Front_Hit,676,472,,,,,,,,,,,,,,
80,80,20,1217,Back_Bounce,818,226,1.2149999999999999,-11.84,3.995,-15.55,-1.4350000000000005,11.79,1023,225,496,226,281,705,1234,704
81,81,20,1226,Back_Hit,836,163,1.7749999999999995,-18.12,3.884999999999999,-15.23,-1.1750000000000007,10.780000000000001,1023,225,496,226,283,705,1234,705
82,82,21,1229,Back_Bounce,822,171,1.4349999999999996,-17.1,3.8649999999999993,-14.66,-1.0350000000000001,10.849999999999998,1023,223,496,226,283,705,1234,704
83,83,21,1229,Back_Hit,822,171,1.4349999999999996,-17.1,3.8649999999999993,-14.66,-1.0350000000000001,10.849999999999998,1023,223,496,226,283,705,1234,704
84,84,22,1247,Back_Bounce,716,311,-0.7750000000000004,-5.170000000000001,2.9050000000000002,-13.41,-1.1350000000000007,10.98,1023,224,496,226,282,705,1234,705
85,85,22,1259,Back_Hit,701,259,-1.1350000000000007,-9.02,2.215,-13.700000000000001,-1.4050000000000002,11.599999999999998,1023,224,496,226,282,704,1234,705
86,86,23,1292,Back_Bounce,675,276,-1.5850000000000004,-7.65,1.3549999999999995,-13.870000000000001,-3.5950000000000006,12.870000000000001,1021,223,496,226,275,707,1234,704
87,87,23,1298,Back_Hit,697,118,-1.5950000000000002,-23.69,1.545,-13.63,-3.6750000000000003,13.079999999999998,1023,224,496,226,280,703,1234,704
88,88,19,1704,Front_Hit,1098,539,,,,,,,,,,,,,,
89,89,24,1853,Back_Bounce,1135,299,6.944999999999999,-5.800000000000001,-3.6850000000000005,-15.25,1.005,11.86,1021,223,496,228,283,705,1234,705
90,90,25,1867,Back_Bounce,641,259,-2.3550000000000004,-8.950000000000001,-3.8050000000000006,-14.02,1.3149999999999995,10.899999999999999,1022,223,499,225,283,705,1235,704
91,91,24,1878,Back_Hit,478,131,-7.025,-22.060000000000002,-3.615,-13.98,1.1349999999999998,10.870000000000001,1023,223,497,226,283,705,1234,705
92,92,25,1878,Back_Hit,478,131,-7.025,-22.060000000000002,-3.615,-13.98,1.1349999999999998,10.870000000000001,1023,223,497,226,283,705,1234,705
93,93,26,1882,Back_Hit,494,145,-6.4750000000000005,-20.36,-3.1950000000000003,-13.690000000000001,0.7249999999999996,10.86,1022,223,498,226,283,705,1234,704
94,94,26,1882,Back_Bounce,494,145,-6.4750000000000005,-20.36,-3.1950000000000003,-13.690000000000001,0.7249999999999996,10.86,1022,223,498,226,283,705,1234,704
95,95,20,1909,Front_Hit,648,495,-1.5650000000000004,4.75,-1.5850000000000004,-13.17,-0.9950000000000001,12.169999999999998,1021,223,496,226,283,705,1234,704
96,96,27,1939,Back_Bounce,814,230,1.1549999999999994,-11.34,0.6149999999999993,-13.07,-2.2250000000000005,14.2,1022,223,496,225,283,703,1234,705
97,97,27,1951,Back_Hit,838,157,1.8849999999999998,-18.66,1.4649999999999999,-13.47,-1.5050000000000003,14.21,1021,223,496,226,283,705,1234,705
98,98,28,1966,Back_Bounce,745,215,-0.28500000000000014,-12.81,1.9349999999999996,-12.68,-1.295,14.41,1022,224,496,226,282,705,1234,704
99,99,28,1966,Back_Hit,745,215,-0.28500000000000014,-12.81,1.9349999999999996,-12.68,-1.295,14.41,1022,224,496,226,282,705,1234,704
100,100,21,1983,Front_Bounce,611,446,-2.2250000000000005,2.5299999999999994,2.4849999999999994,-12.690000000000001,-2.265,14.280000000000001,1021,223,496,226,284,705,1234,705
101,101,22,1986,Front_Bounce,587,490,-2.4450000000000003,4.539999999999999,2.335,-12.790000000000001,-2.7150000000000003,14.29,1021,223,495,226,284,703,1234,705
102,102,21,1993,Front_Hit,545,519,-2.9350000000000005,5.849999999999998,2.1049999999999995,-12.89,-3.4450000000000003,14.099999999999998,1021,223,496,226,284,698,1234,704
103,103,29,2021,Back_Bounce,890,229,2.745,-11.42,2.3949999999999996,-12.88,-4.585,13.43,1021,223,496,226,284,702,1234,705
104,104,29,2034,Back_Hit,943,153,4.325,-19.240000000000002,3.0949999999999998,-13.58,-3.1550000000000002,14.399999999999999,1024,225,496,226,284,700,1234,704
105,105,30,2044,Back_Hit,834,189,1.705,-15.09,3.9349999999999996,-12.770000000000001,-2.615,14.189999999999998,1021,221,496,226,284,703,1234,705
106,106,30,2044,Back_Bounce,834,189,1.705,-15.09,3.9349999999999996,-12.770000000000001,-2.615,14.189999999999998,1021,221,496,226,284,703,1234,705
107,107,23,2052,Front_Bounce,699,301,-1.0550000000000006,-5.78,4.085,-12.22,-2.5050000000000003,13.989999999999998,1021,221,496,226,283,703,1234,705
108,108,24,2066,Front_Bounce,451,507,-4.335000000000001,5.280000000000001,4.155,-13.700000000000001,-2.9850000000000003,13.899999999999999,1021,222,496,226,284,702,1234,705
109,109,31,2095,Back_Bounce,860,238,2.1049999999999995,-10.65,2.2249999999999996,-13.850000000000001,-5.385000000000001,12.48,1021,223,496,226,277,700,1234,705
110,110,32,2101,Back_Bounce,896,188,3.0650000000000004,-15.32,2.1149999999999993,-13.65,-5.985,11.86,1021,223,496,226,276,706,1234,705
111,111,31,2109,Back_Hit,940,168,4.165,-17.490000000000002,1.3149999999999995,-14.32,-6.125,12.21,1022,224,496,226,278,705,1234,705
112,112,32,2109,Back_Hit,940,168,4.165,-17.490000000000002,1.3149999999999995,-14.32,-6.125,12.21,1022,224,496,226,278,705,1234,705
113,113,33,2119,Back_Bounce,842,214,1.7249999999999996,-12.74,0.375,-14.190000000000001,-6.085,12.239999999999998,1023,223,499,224,279,705,1234,705
114,114,33,2119,Back_Hit,842,214,1.7249999999999996,-12.74,0.375,-14.190000000000001,-6.085,12.239999999999998,1023,223,499,224,279,705,1234,705
115,115,34,2157,Back_Hit,731,283,-0.585,-7.2700000000000005,-1.1350000000000007,-15.360000000000001,-5.465000000000001,11.780000000000001,1023,223,497,226,310,711,1234,705
116,116,34,2157,Back_Bounce,731,283,-0.585,-7.2700000000000005,-1.1350000000000007,-15.360000000000001,-5.465000000000001,11.780000000000001,1023,223,497,226,310,711,1234,705
117,117,25,2285,Front_Bounce,962,469,,,,,,,,,,,,,,
118,118,35,2585,Back_Bounce,692,281,,,,,,,,,,,,,,
119,119,36,2600,Back_Bounce,924,239,,,,,,,,,,,,,,
120,120,35,2608,Back_Hit,967,130,,,,,,,,,,,,,,
121,121,36,2617,Back_Hit,976,124,,,,,,,,,,,,,,
122,122,37,2624,Back_Hit,980,166,,,,,,,,,,,,,,
123,123,37,2624,Back_Bounce,980,166,,,,,,,,,,,,,,
124,124,26,2634,Front_Bounce,991,305,,,,,,,,,,,,,,
125,125,27,2639,Front_Bounce,1000,408,,,,,,,,,,,,,,
126,126,22,2654,Front_Hit,1027,441,,,,,,,,,,,,,,
127,127,38,2680,Back_Bounce,628,178,,,,,,,,,,,,,,
128,128,38,2693,Back_Hit,579,118,,,,,,,,,,,,,,
129,129,39,2704,Back_Bounce,545,173,,,,,,,,,,,,,,
130,130,39,2704,Back_Hit,545,173,,,,,,,,,,,,,,
131,131,28,2712,Front_Bounce,514,298,,,,,,,,,,,,,,
132,132,23,2734,Front_Hit,450,454,,,,,,,,,,,,,,
133,133,40,2755,Back_Bounce,828,240,,,,,,,,,,,,,,
134,134,40,2772,Back_Hit,891,144,,,,,,,,,,,,,,
135,135,41,2789,Back_Bounce,761,200,,,,,,,,,,,,,,
136,136,41,2789,Back_Hit,761,200,,,,,,,,,,,,,,
137,137,29,2811,Front_Bounce,574,503,,,,,,,,,,,,,,
138,138,24,2821,Front_Hit,518,534,,,,,,,,,,,,,,
139,139,42,2839,Back_Bounce,826,295,,,,,,,,,,,,,,
140,140,42,2854,Back_Hit,862,282,1.9849999999999994,-6.98,3.925,-14.690000000000001,-1.455,11.95,1024,220,496,225,276,700,1231,705
141,141,43,2866,Back_Bounce,891,342,2.3049999999999997,-3.1500000000000004,3.925,-15.540000000000001,-1.5650000000000004,11.84,1023,225,496,226,283,703,1234,705
142,142,43,2874,Back_Hit,909,319,2.704999999999999,-4.640000000000001,3.9349999999999996,-15.33,-1.495,11.96,1023,225,495,226,282,704,1234,705
143,143,44,2883,Back_Bounce,931,343,2.9850000000000003,-3.1000000000000014,3.745,-15.030000000000001,-25.665,-44.85,1024,225,496,226,283,704,1234,705
144,144,44,2883,Back_Hit,931,343,2.9850000000000003,-3.1000000000000014,3.745,-15.030000000000001,-25.665,-44.85,1024,225,496,226,283,704,1234,705
145,145,25,2910,Front_Hit,996,368,3.9850000000000003,-1.4900000000000002,3.3150000000000004,-12.58,-1.6250000000000004,10.989999999999998,1023,223,496,226,282,703,1234,705
146,146,30,2921,Front_Bounce,359,603,-5.065,8.849999999999998,2.6949999999999994,-12.600000000000001,-2.1350000000000002,11.14,1021,222,496,225,282,703,1234,705
147,147,31,3231,Front_Bounce,618,408,,,,,,,,,,,,,,
148,148,32,3233,Front_Bounce,1511,749,,,,,,,,,,,,,,
149,149,33,3244,Front_Bounce,1516,755,,,,,,,,,,,,,,
150,150,34,3308,Front_Bounce,913,570,,,,,,,,,,,,,,
151,151,45,3376,Back_Bounce,832,315,,,,,,,,,,,,,,
152,152,46,3386,Back_Bounce,730,258,,,,,,,,,,,,,,
153,153,45,3394,Back_Hit,701,137,,,,,,,,,,,,,,
154,154,46,3394,Back_Hit,701,137,,,,,,,,,,,,,,
155,155,35,3403,Front_Bounce,662,164,,,,,,,,,,,,,,
156,156,47,3473,Back_Bounce,538,272,,,,,,,,,,,,,,
157,157,36,3474,Front_Bounce,459,481,,,,,,,,,,,,,,
158,158,47,3494,Back_Hit,527,262,,,,,,,,,,,,,,
159,159,48,3499,Back_Hit,524,264,,,,,,,,,,,,,,
160,160,48,3499,Back_Bounce,524,264,,,,,,,,,,,,,,
161,161,37,3629,Front_Bounce,482,329,-4.955,-3.8100000000000005,-26.055,-44.67,2.085,12.079999999999998,1022,222,500,223,283,704,1234,704
162,162,26,3703,Front_Hit,1067,411,,,,,,,,,,,,,,
163,163,27,3803,Front_Hit,1327,719,,,,,,,,,,,,,,
164,164,38,3805,Front_Bounce,1257,711,,,,,,,,,,,,,,
165,165,49,3897,Back_Bounce,696,324,,,,,,,,,,,,,,
166,166,50,3904,Back_Bounce,898,275,,,,,,,,,,,,,,
167,167,50,3925,Back_Hit,1077,141,,,,,,,,,,,,,,
168,168,49,3925,Back_Hit,1077,141,,,,,,,,,,,,,,
169,169,51,3934,Back_Hit,1142,171,,,,,,,,,,,,,,
170,170,51,3934,Back_Bounce,1142,171,,,,,,,,,,,,,,
171,171,52,3976,Back_Bounce,1211,256,,,,,,,,,,,,,,
172,172,39,3987,Front_Bounce,701,529,,,,,,,,,,,,,,
173,173,52,3989,Back_Hit,575,198,,,,,,,,,,,,,,
174,174,40,3992,Front_Bounce,700,531,,,,,,,,,,,,,,
175,175,28,4005,Front_Hit,687,520,,,,,,,,,,,,,,
176,176,41,4017,Front_Bounce,682,552,,,,,,,,,,,,,,
177,177,42,4020,Front_Bounce,684,531,,,,,,,,,,,,,,
178,178,53,4026,Back_Hit,1181,306,,,,,,,,,,,,,,
179,179,53,4026,Back_Bounce,1181,306,,,,,,,,,,,,,,
180,180,43,4036,Front_Bounce,648,524,,,,,,,,,,,,,,
181,181,54,4058,Back_Bounce,1108,343,,,,,,,,,,,,,,
182,182,29,4061,Front_Hit,1101,340,,,,,,,,,,,,,,
183,183,54,4062,Back_Hit,1100,339,,,,,,,,,,,,,,
184,184,55,4064,Back_Bounce,1095,341,,,,,,,,,,,,,,
185,185,55,4064,Back_Hit,1095,341,,,,,,,,,,,,,,
186,186,30,4085,Front_Hit,1052,353,,,,,,,,,,,,,,
187,187,56,4206,Back_Bounce,644,311,-2.055,-5.170000000000001,2.3049999999999997,-12.15,7.345,-0.33000000000000007,1022,223,495,226,282,704,1234,705
188,188,57,4224,Back_Bounce,937,248,3.6049999999999995,-9.77,1.625,-11.540000000000001,6.114999999999999,-3.030000000000001,1020,223,496,226,281,707,1235,704
189,189,56,4234,Back_Hit,985,126,6.134999999999999,-20.810000000000002,1.6149999999999993,-10.38,5.464999999999999,-2.6000000000000014,998,209,496,226,283,705,1234,705
190,190,57,4234,Back_Hit,985,126,6.134999999999999,-20.810000000000002,1.6149999999999993,-10.38,5.464999999999999,-2.6000000000000014,998,209,496,226,283,705,1234,705
191,191,44,4241,Front_Bounce,910,160,,,,,,,,,,,,,,
192,192,45,4250,Front_Bounce,796,279,,,,,,,,,,,,,,
193,193,58,4297,Back_Bounce,604,199,,,,,,,,,,,,,,
194,194,58,4316,Back_Hit,585,90,,,,,,,,,,,,,,
195,195,59,4325,Back_Hit,578,110,,,,,,,,,,,,,,
196,196,59,4325,Back_Bounce,578,110,,,,,,,,,,,,,,
197,197,46,4345,Front_Bounce,624,450,,,,,,,,,,,,,,
198,198,31,4357,Front_Hit,638,423,,,,,,,,,,,,,,
199,199,60,4377,Back_Bounce,864,221,,,,,,,,,,,,,,
200,200,60,4390,Back_Hit,901,140,,,,,,,,,,,,,,
201,201,61,4391,Back_Bounce,887,143,,,,,,,,,,,,,,
202,202,61,4391,Back_Hit,887,143,,,,,,,,,,,,,,
203,203,62,4398,Back_Bounce,799,181,,,,,,,,,,,,,,
204,204,62,4398,Back_Hit,799,181,,,,,,,,,,,,,,
205,205,63,4443,Back_Bounce,546,285,,,,,,,,,,,,,,
206,206,63,4444,Back_Hit,890,153,,,,,,,,,,,,,,
207,207,47,4445,Front_Bounce,540,287,,,,,,,,,,,,,,
208,208,64,4455,Back_Hit,520,285,,,,,,,,,,,,,,
209,209,64,4455,Back_Bounce,520,285,,,,,,,,,,,,,,
210,210,48,4770,Front_Bounce,789,327,,,,,,,,,,,,,,
211,211,49,4776,Front_Bounce,882,399,,,,,,,,,,,,,,
212,212,32,4780,Front_Hit,960,397,,,,,,,,,,,,,,
213,213,50,4782,Front_Bounce,1004,394,,,,,,,,,,,,,,
214,214,33,4798,Front_Hit,1232,373,,,,,,,,,,,,,,
215,215,51,4814,Front_Bounce,1111,559,,,,,,,,,,,,,,
216,216,52,4830,Front_Bounce,1039,563,,,,,,,,,,,,,,
217,217,34,4845,Front_Hit,967,557,,,,,,,,,,,,,,
218,218,53,4851,Front_Bounce,941,559,,,,,,,,,,,,,,
219,219,54,4859,Front_Bounce,909,563,,,,,,,,,,,,,,
220,220,35,4870,Front_Hit,883,575,,,,,,,,,,,,,,
221,221,36,4887,Front_Hit,913,609,,,,,,,,,,,,,,
222,222,37,4905,Front_Hit,1043,621,,,,,,,,,,,,,,
223,223,55,5702,Front_Bounce,1176,702,,,,,,,,,,,,,,
224,224,56,5742,Front_Bounce,494,300,,,,,,,,,,,,,,
225,225,57,5783,Front_Bounce,528,601,,,,,,,,,,,,,,
226,226,58,5812,Front_Bounce,785,406,,,,,,,,,,,,,,
227,227,59,5906,Front_Bounce,625,588,,,,,,,,,,,,,,
228,228,65,5951,Back_Bounce,845,179,1.9649999999999999,-16.14,-3.7950000000000004,-14.08,-26.055,-45.4,1021,222,496,225,283,706,1235,705
229,229,65,5951,Back_Hit,845,179,1.9649999999999999,-16.14,-3.7950000000000004,-14.08,-26.055,-45.4,1021,222,496,225,283,706,1235,705
230,230,66,5965,Back_Bounce,790,197,0.6449999999999996,-14.18,-3.705,-13.09,1.0649999999999995,10.95,1021,222,499,221,282,707,1234,705
231,231,66,5965,Back_Hit,790,197,0.6449999999999996,-14.18,-3.705,-13.09,1.0649999999999995,10.95,1021,222,499,221,282,707,1234,705
232,232,67,5972,Back_Bounce,751,209,-0.1850000000000005,-13.18,-3.8150000000000004,-13.24,0.9749999999999996,11.05,1021,222,498,224,282,707,1234,704
233,233,68,5982,Back_Bounce,719,225,-0.8650000000000002,-11.71,-3.9350000000000005,-13.08,0.8549999999999995,10.71,1021,223,499,223,282,707,1234,705
234,234,67,5996,Back_Hit,973,24,6.735,-38.66,-3.865,-13.24,0.7549999999999999,10.89,1021,223,496,225,283,706,1234,705
235,235,68,5996,Back_Hit,973,24,6.735,-38.66,-3.865,-13.24,0.7549999999999999,10.89,1021,223,496,225,283,706,1234,705
236,236,69,6026,Back_Hit,735,186,-0.5049999999999999,-15.59,-3.9250000000000003,-14.74,0.6549999999999994,11.439999999999998,1022,222,495,227,282,707,1234,704
237,237,69,6026,Back_Bounce,735,186,-0.5049999999999999,-15.59,-3.9250000000000003,-14.74,0.6549999999999994,11.439999999999998,1022,222,495,227,282,707,1234,704
238,238,70,6112,Back_Bounce,841,323,,,,,,,,,,,,,,
239,239,71,6129,Back_Bounce,578,252,,,,,,,,,,,,,,
240,240,72,6142,Back_Hit,479,113,,,,,,,,,,,,,,
241,241,72,6142,Back_Bounce,479,113,,,,,,,,,,,,,,
242,242,70,6142,Back_Hit,479,113,,,,,,,,,,,,,,
243,243,71,6142,Back_Hit,479,113,,,,,,,,,,,,,,
244,244,60,6169,Front_Bounce,860,450,,,,,,,,,,,,,,
245,245,38,6175,Front_Hit,958,474,,,,,,,,,,,,,,
246,246,73,6214,Back_Bounce,864,58,,,,,,,,,,,,,,
247,247,73,6244,Back_Hit,837,30,2.3949999999999996,-37.71,-3.995,-13.92,0.8849999999999998,11.969999999999999,1021,222,499,224,282,707,1235,705
248,248,74,6270,Back_Bounce,837,83,1.995,-28.18,-3.5650000000000004,-12.15,1.0249999999999995,10.879999999999999,1023,223,503,218,282,707,1234,704
249,249,74,6270,Back_Hit,837,83,1.995,-28.18,-3.5650000000000004,-12.15,1.0249999999999995,10.879999999999999,1023,223,503,218,282,707,1234,704
250,250,61,6274,Front_Bounce,236,638,-6.415,9.919999999999998,-3.5250000000000004,-12.3,0.8949999999999996,11.149999999999999,1022,223,500,220,282,707,1234,705
251,251,75,6281,Back_Bounce,839,136,1.8849999999999998,-20.93,-3.4450000000000003,-12.200000000000001,0.7249999999999996,11.34,1021,222,503,220,282,707,1234,704
252,252,62,6285,Front_Bounce,576,664,-2.2350000000000003,10.719999999999999,-3.2550000000000003,-12.51,0.6349999999999998,11.27,1021,222,503,218,282,707,1235,705
253,253,75,6309,Back_Hit,50,68,-20.205000000000002,-31.25,-2.0650000000000004,-12.47,0.21499999999999986,12.71,1023,223,496,225,282,707,1235,705
254,254,63,6411,Front_Bounce,1306,520,,,,,,,,,,,,,,
255,255,64,6461,Front_Bounce,1083,582,5.964999999999999,7.439999999999998,7.944999999999999,30.83,7.944999999999999,30.83,743,62,145,525,91,629,656,820
256,256,39,6536,Front_Hit,147,493,,,,,,,,,,,,,,
257,257,65,6636,Front_Bounce,746,186,,,,,,,,,,,,,,
258,258,76,6805,Back_Bounce,637,318,,,,,,,,,,,,,,
259,259,77,6822,Back_Bounce,931,242,,,,,,,,,,,,,,
260,260,76,6832,Back_Hit,978,129,,,,,,,,,,,,,,
261,261,77,6838,Back_Hit,966,127,,,,,,,,,,,,,,
262,262,78,6840,Back_Bounce,959,134,,,,,,,,,,,,,,
263,263,78,6840,Back_Hit,959,134,,,,,,,,,,,,,,
264,264,79,6846,Back_Bounce,937,170,,,,,,,,,,,,,,
265,265,79,6846,Back_Hit,937,170,,,,,,,,,,,,,,
266,266,66,6854,Front_Bounce,899,283,,,,,,,,,,,,,,
267,267,67,6865,Front_Bounce,841,563,,,,,,,,,,,,,,
268,268,40,6870,Front_Hit,820,583,,,,,,,,,,,,,,
269,269,41,6921,Front_Hit,829,584,,,,,,,,,,,,,,
270,270,68,6933,Front_Bounce,524,845,,,,,,,,,,,,,,
271,271,42,6941,Front_Hit,507,808,,,,,,,,,,,,,,
272,272,69,6945,Front_Bounce,500,817,,,,,,,,,,,,,,
273,273,70,6957,Front_Bounce,479,787,-2.9350000000000005,13.969999999999999,3.5349999999999993,-14.05,-1.3250000000000002,11.969999999999999,1021,218,496,225,282,705,1234,705
274,274,43,6981,Front_Hit,658,504,-1.3650000000000002,5.18,3.624999999999999,-13.940000000000001,-1.205,11.46,1020,219,496,225,281,705,1234,704
275,275,80,7135,Back_Bounce,625,337,-2.305,-3.450000000000001,1.9349999999999996,-15.940000000000001,-3.955,12.66,1023,223,495,226,280,703,1234,705
276,276,81,7153,Back_Bounce,917,265,3.075,-8.43,2.585,-14.760000000000002,-2.765,12.379999999999999,1023,223,495,225,283,705,1234,704
277,277,80,7165,Back_Hit,974,129,5.294999999999999,-21.83,2.665,-14.88,-2.4650000000000003,12.64,1023,223,495,226,283,705,1234,705
278,278,81,7172,Back_Hit,990,107,5.944999999999999,-24.71,2.3449999999999998,-15.260000000000002,-2.5050000000000003,12.64,1023,223,495,225,283,704,1234,704
279,279,82,7173,Back_Bounce,989,107,5.915,-24.72,2.2849999999999993,-15.27,-2.5250000000000004,12.669999999999998,1023,223,495,225,283,704,1234,704
280,280,82,7173,Back_Hit,989,107,5.915,-24.72,2.2849999999999993,-15.27,-2.5250000000000004,12.669999999999998,1023,223,495,225,283,704,1234,704
281,281,83,7185,Back_Hit,922,138,3.954999999999999,-20.8,1.9849999999999994,-15.510000000000002,-2.4450000000000003,12.399999999999999,1023,223,495,226,282,704,1235,705
282,282,83,7185,Back_Bounce,922,138,3.954999999999999,-20.8,1.9849999999999994,-15.510000000000002,-2.4450000000000003,12.399999999999999,1023,223,495,226,282,704,1235,705
283,283,71,7196,Front_Bounce,817,268,1.1449999999999996,-8.25,1.755,-15.21,-2.2750000000000004,12.05,1023,223,495,226,282,705,1234,705
284,284,44,7216,Front_Hit,615,596,-1.8050000000000002,8.559999999999999,3.2350000000000003,-14.100000000000001,-1.245,12.59,1023,222,495,226,282,705,1234,705
285,285,84,7246,Back_Bounce,902,217,3.0349999999999993,-12.33,3.6049999999999995,-13.71,-0.23500000000000032,13.73,1021,221,496,225,282,705,1234,705
286,286,84,7255,Back_Hit,926,144,4.015,-19.830000000000002,3.1949999999999994,-13.81,0.17499999999999982,13.899999999999999,1022,221,495,225,282,705,1234,705
287,287,85,7259,Back_Bounce,890,155,3.1149999999999993,-18.62,3.044999999999999,-13.92,0.375,13.969999999999999,1021,221,495,225,282,705,1234,705
288,288,85,7259,Back_Hit,890,155,3.1149999999999993,-18.62,3.044999999999999,-13.92,0.375,13.969999999999999,1021,221,495,225,282,705,1234,705
289,289,72,7279,Front_Bounce,622,444,-2.0450000000000004,2.4399999999999995,2.085,-13.950000000000001,1.0249999999999995,14.280000000000001,1022,222,495,226,282,705,1234,705
290,290,45,7285,Front_Hit,543,467,-3.1550000000000002,3.51,1.7349999999999994,-14.0,1.1849999999999996,14.34,1021,221,495,226,282,705,1234,705
291,291,73,7292,Front_Bounce,435,552,-4.335000000000001,6.989999999999998,1.3949999999999996,-14.09,1.3649999999999993,14.419999999999998,1023,223,495,225,282,705,1234,705
292,292,86,7321,Back_Bounce,810,232,,,,,,,,,,,,,,
293,293,86,7335,Back_Hit,859,147,,,,,,,,,,,,,,
294,294,87,7338,Back_Bounce,833,158,,,,,,,,,,,,,,
295,295,87,7338,Back_Hit,833,158,,,,,,,,,,,,,,
296,296,74,7342,Front_Bounce,794,181,,,,,,,,,,,,,,
297,297,75,7360,Front_Bounce,592,478,4.964999999999999,20.409999999999997,9.634999999999998,64.78,9.634999999999998,64.78,525,59,135,363,78,481,631,266
298,298,46,7368,Front_Hit,506,509,,,,,,,,,,,,,,
299,299,88,7404,Back_Bounce,914,195,,,,,,,,,,,,,,
300,300,89,7411,Back_Bounce,945,136,13.625,15.68,-18.315,25.939999999999998,1.7149999999999999,-16.4,504,534,190,426,218,149,541,176
301,301,89,7411,Back_Hit,945,136,13.625,15.68,-18.315,25.939999999999998,1.7149999999999999,-16.4,504,534,190,426,218,149,541,176
302,302,88,7411,Back_Hit,945,136,13.625,15.68,-18.315,25.939999999999998,1.7149999999999999,-16.4,504,534,190,426,218,149,541,176
303,303,90,7420,Back_Hit,868,169,,,,,,,,,,,,,,
304,304,90,7420,Back_Bounce,868,169,,,,,,,,,,,,,,
305,305,76,7439,Front_Bounce,612,495,12.645,-18.14,-121.075,-608.49,0.34499999999999975,-5.49,418,477,112,380,5,604,516,808
306,306,47,7446,Front_Hit,528,521,,,,,,,,,,,,,,
307,307,91,7480,Back_Bounce,800,208,,,,,,,,,,,,,,
308,308,91,7490,Back_Hit,832,130,,,,,,,,,,,,,,
309,309,92,7498,Back_Hit,799,152,,,,,,,,,,,,,,
310,310,92,7498,Back_Bounce,799,152,,,,,,,,,,,,,,
311,311,77,7517,Front_Bounce,661,469,,,,,,,,,,,,,,
312,312,48,7524,Front_Hit,619,500,,,,,,,,,,,,,,
313,313,78,7529,Front_Bounce,578,572,,,,,,,,,,,,,,
314,314,93,7557,Back_Bounce,940,217,,,,,,,,,,,,,,
315,315,94,7567,Back_Hit,979,139,,,,,,,,,,,,,,
316,316,93,7567,Back_Hit,979,139,,,,,,,,,,,,,,
317,317,94,7567,Back_Bounce,979,139,,,,,,,,,,,,,,
318,318,95,7575,Back_Hit,895,175,,,,,,,,,,,,,,
319,319,95,7575,Back_Bounce,895,175,,,,,,,,,,,,,,
320,320,79,7592,Front_Bounce,618,460,,,,,,,,,,,,,,
321,321,49,7597,Front_Hit,542,480,,,,,,,,,,,,,,
322,322,96,7626,Back_Bounce,820,239,,,,,,,,,,,,,,
323,323,96,7641,Back_Hit,876,148,,,,,,,,,,,,,,
324,324,97,7642,Back_Hit,862,150,,,,,,,,,,,,,,
325,325,97,7642,Back_Bounce,862,150,,,,,,,,,,,,,,
326,326,98,7647,Back_Bounce,816,165,,,,,,,,,,,,,,
327,327,98,7647,Back_Hit,816,165,,,,,,,,,,,,,,
328,328,80,7658,Front_Bounce,680,297,,,,,,,,,,,,,,
329,329,99,7702,Back_Bounce,920,218,,,,,,,,,,,,,,
330,330,100,7712,Back_Bounce,970,145,,,,,,,,,,,,,,
331,331,99,7712,Back_Hit,970,145,,,,,,,,,,,,,,
332,332,100,7712,Back_Hit,970,145,,,,,,,,,,,,,,
333,333,101,7722,Back_Bounce,839,191,,,,,,,,,,,,,,
334,334,101,7722,Back_Hit,839,191,,,,,,,,,,,,,,
335,335,81,7738,Front_Bounce,542,461,,,,,,,,,,,,,,
336,336,50,7746,Front_Hit,413,491,,,,,,,,,,,,,,
337,337,82,7751,Front_Bounce,309,553,,,,,,,,,,,,,,
338,338,102,7780,Back_Bounce,784,227,,,,,,,,,,,,,,
339,339,102,7793,Back_Hit,849,143,,,,,,,,,,,,,,
340,340,103,7797,Back_Bounce,814,161,,,,,,,,,,,,,,
341,341,103,7797,Back_Hit,814,161,,,,,,,,,,,,,,
342,342,51,7818,Front_Hit,471,478,,,,,,,,,,,,,,
343,343,104,7879,Back_Bounce,993,219,,,,,,,,,,,,,,
344,344,104,7892,Back_Hit,961,163,,,,,,,,,,,,,,
345,345,105,7903,Back_Hit,797,210,,,,,,,,,,,,,,
346,346,105,7903,Back_Bounce,797,210,,,,,,,,,,,,,,
347,347,52,7926,Front_Hit,485,348,,,,,,,,,,,,,,
348,348,83,8041,Front_Bounce,1019,341,4.515,-3.0200000000000014,-4.825,-12.190000000000001,0.4449999999999994,11.780000000000001,1021,223,503,218,283,705,1234,705
349,349,106,8192,Back_Bounce,648,95,,,,,,,,,,,,,,
350,350,106,8192,Back_Hit,648,95,,,,,,,,,,,,,,
351,351,107,8710,Back_Bounce,866,323,1.955,-4.3100000000000005,-3.0250000000000004,-15.74,0.6949999999999994,12.129999999999999,1021,223,495,227,283,705,1234,705
352,352,108,8730,Back_Bounce,531,237,-4.6450000000000005,-10.9,-1.6450000000000005,-14.92,1.755,12.23,1021,223,495,226,283,705,1235,704
353,353,107,8740,Back_Hit,449,131,-7.7250000000000005,-22.130000000000003,-1.0150000000000006,-15.010000000000002,1.995,11.849999999999998,1021,223,496,226,283,705,1235,704
354,354,109,8753,Back_Bounce,409,92,-9.435,-27.53,-0.9050000000000002,-15.71,2.0249999999999995,10.98,1021,223,495,226,283,705,1234,704
355,355,108,8753,Back_Hit,409,92,-9.435,-27.53,-0.9050000000000002,-15.71,2.0249999999999995,10.98,1021,223,495,226,283,705,1234,704
356,356,109,8753,Back_Hit,409,92,-9.435,-27.53,-0.9050000000000002,-15.71,2.0249999999999995,10.98,1021,223,495,226,283,705,1234,704
357,357,84,8768,Front_Bounce,434,122,-8.225000000000001,-23.270000000000003,0.14499999999999957,-15.370000000000001,1.9849999999999994,10.579999999999998,1021,223,495,226,283,705,1234,705
358,358,110,8783,Back_Bounce,451,137,-7.555,-21.28,2.465,-15.66,1.4349999999999996,8.509999999999998,1023,225,496,226,283,705,1234,704
359,359,110,8783,Back_Hit,451,137,-7.555,-21.28,2.465,-15.66,1.4349999999999996,8.509999999999998,1023,225,496,226,283,705,1234,704
360,360,111,8805,Back_Bounce,459,146,-7.245,-20.19,3.665,-15.65,0.01499999999999968,5.559999999999999,1023,224,496,226,283,705,1234,705
361,361,111,8816,Back_Hit,464,133,-7.315,-21.740000000000002,3.134999999999999,-14.510000000000002,-1.375,5.059999999999999,1021,221,496,225,284,703,1234,703
362,362,112,8818,Back_Bounce,465,137,-7.255000000000001,-21.41,3.0349999999999993,-14.25,-1.5750000000000002,5.25,1020,221,496,226,283,704,1234,704
363,363,113,8825,Back_Bounce,469,145,-7.015000000000001,-20.240000000000002,2.704999999999999,-13.27,-2.265,5.099999999999998,1020,221,496,225,283,705,1234,705
364,364,113,8829,Back_Hit,470,134,-7.1450000000000005,-21.6,2.415,-13.190000000000001,-2.5050000000000003,4.98,1020,221,496,225,283,705,1234,705
365,365,112,8829,Back_Hit,470,134,-7.1450000000000005,-21.6,2.415,-13.190000000000001,-2.5050000000000003,4.98,1020,221,496,225,283,705,1234,705
366,366,85,8830,Front_Bounce,712,597,-0.5550000000000006,8.620000000000001,2.375,-13.09,-2.5450000000000004,4.939999999999998,1020,221,496,225,283,705,1234,705
367,367,53,8834,Front_Hit,778,581,0.3149999999999995,8.09,2.1149999999999993,-12.67,-2.805,4.969999999999999,1020,221,495,226,282,704,1234,705
368,368,114,8863,Back_Hit,776,76,0.5049999999999999,-29.48,0.7849999999999993,-10.32,-3.8850000000000002,5.199999999999999,1021,223,495,225,283,705,1234,705
369,369,114,8863,Back_Bounce,776,76,0.5049999999999999,-29.48,0.7849999999999993,-10.32,-3.8850000000000002,5.199999999999999,1021,223,495,225,283,705,1234,705
370,370,115,9132,Back_Bounce,830,320,,,,,,,,,,,,,,
371,371,116,9151,Back_Bounce,691,252,,,,,,,,,,,,,,
372,372,115,9162,Back_Hit,649,132,,,,,,,,,,,,,,
373,373,116,9165,Back_Hit,639,115,,,,,,,,,,,,,,
374,374,117,9168,Back_Hit,637,126,,,,,,,,,,,,,,
375,375,117,9168,Back_Bounce,637,126,,,,,,,,,,,,,,
376,376,86,9187,Front_Bounce,702,439,,,,,,,,,,,,,,
377,377,54,9192,Front_Hit,725,462,,,,,,,,,,,,,,
378,378,118,9220,Back_Bounce,790,318,,,,,,,,,,,,,,
379,379,118,9231,Back_Hit,779,306,,,,,,,,,,,,,,
380,380,119,9242,Back_Bounce,770,347,,,,,,,,,,,,,,
381,381,55,9245,Front_Hit,769,340,,,,,,,,,,,,,,
382,382,119,9248,Back_Hit,767,335,,,,,,,,,,,,,,
383,383,120,9253,Back_Bounce,765,341,,,,,,,,,,,,,,
384,384,120,9254,Back_Hit,762,339,,,,,,,,,,,,,,
385,385,56,9279,Front_Hit,743,364,,,,,,,,,,,,,,
386,386,121,9297,Back_Bounce,748,291,,,,,,,,,,,,,,
387,387,87,9322,Front_Bounce,1511,751,,,,,,,,,,,,,,
388,388,121,9326,Back_Hit,481,283,,,,,,,,,,,,,,
389,389,88,9373,Front_Bounce,1084,757,,,,,,,,,,,,,,
390,390,57,9386,Front_Hit,1185,757,,,,,,,,,,,,,,
391,391,89,9472,Front_Bounce,1041,751,,,,,,,,,,,,,,
392,392,90,9475,Front_Bounce,1515,775,,,,,,,,,,,,,,
393,393,91,9478,Front_Bounce,1510,776,,,,,,,,,,,,,,
394,394,92,9577,Front_Bounce,150,648,,,,,,,,,,,,,,
395,395,58,9591,Front_Hit,444,633,,,,,,,,,,,,,,
396,396,93,9592,Front_Bounce,823,735,,,,,,,,,,,,,,
397,397,94,9596,Front_Bounce,533,630,,,,,,,,,,,,,,
398,398,95,9604,Front_Bounce,648,628,,,,,,,,,,,,,,
399,399,59,9613,Front_Hit,771,624,,,,,,,,,,,,,,
400,400,96,9629,Front_Bounce,524,639,,,,,,,,,,,,,,
401,401,97,9632,Front_Bounce,767,725,,,,,,,,,,,,,,
402,402,98,9643,Front_Bounce,774,726,,,,,,,,,,,,,,
403,403,99,9839,Front_Bounce,673,513,-3.5950000000000006,8.77,-8.345,-2.09,-8.345,-2.09,1399,361,734,69,111,585,1474,685
404,404,122,9868,Back_Bounce,650,319,-4.9350000000000005,38.44,-140.705,353.68,-0.6050000000000004,34.69,1396,362,721,55,684,158,1474,687
405,405,123,9885,Back_Bounce,972,235,-1.995,-9.15,-8.425,-4.510000000000001,-8.425,-4.510000000000001,1395,359,648,83,118,580,1519,682
406,406,123,9894,Back_Hit,1016,121,-1.6650000000000005,-23.11,-8.835,-6.41,-8.835,-6.41,1403,356,633,101,133,582,1514,683
407,407,122,9894,Back_Hit,1016,121,-1.6650000000000005,-23.11,-8.835,-6.41,-8.835,-6.41,1403,356,633,101,133,582,1514,683
408,408,124,9915,Back_Hit,1004,140,-2.0050000000000003,-19.42,-8.945,-6.000000000000001,-8.945,-6.000000000000001,1403,356,656,101,131,580,1482,682
409,409,124,9915,Back_Bounce,1004,140,-2.0050000000000003,-19.42,-8.945,-6.000000000000001,-8.945,-6.000000000000001,1403,356,656,101,131,580,1482,682
410,410,100,9926,Front_Bounce,989,281,-0.07500000000000018,-9.540000000000001,-13.465,-7.540000000000001,-13.465,-7.540000000000001,1401,359,677,107,136,581,867,804
411,411,60,9952,Front_Hit,960,468,,,,,,,,,,,,,,
412,412,101,9959,Front_Bounce,950,565,,,,,,,,,,,,,,
413,413,102,9965,Front_Bounce,941,676,,,,,,,,,,,,,,
414,414,103,9980,Front_Bounce,935,736,,,,,,,,,,,,,,
415,415,125,10216,Back_Bounce,630,319,-2.285,-4.670000000000001,-2.325,-15.72,-0.7250000000000005,11.46,1021,223,495,227,284,704,1234,705
416,416,126,10234,Back_Bounce,811,248,1.085,-9.870000000000001,-2.1050000000000004,-15.81,0.1349999999999998,10.84,1021,223,495,227,284,705,1235,705
417,417,125,10246,Back_Hit,834,117,1.9649999999999999,-23.59,-2.1450000000000005,-15.59,0.3049999999999997,10.93,1020,222,496,227,284,704,1234,704
418,418,126,10250,Back_Hit,831,99,,,,,,,,,,,,,,
419,419,127,10255,Back_Hit,831,112,,,,,,,,,,,,,,
420,420,127,10255,Back_Bounce,831,112,,,,,,,,,,,,,,
421,421,104,10262,Front_Bounce,820,184,,,,,,,,,,,,,,
422,422,105,10265,Front_Bounce,816,230,,,,,,,,,,,,,,
423,423,61,10282,Front_Hit,783,466,,,,,,,,,,,,,,
424,424,128,10312,Back_Bounce,641,197,,,,,,,,,,,,,,
425,425,129,10324,Back_Bounce,637,116,,,,,,,,,,,,,,
426,426,129,10324,Back_Hit,637,116,,,,,,,,,,,,,,
427,427,128,10324,Back_Hit,637,116,,,,,,,,,,,,,,
428,428,106,10331,Front_Bounce,680,142,,,,,,,,,,,,,,
429,429,62,10370,Front_Hit,939,425,,,,,,,,,,,,,,
430,430,130,10425,Back_Bounce,1018,326,,,,,,,,,,,,,,
431,431,130,10426,Back_Hit,1020,190,,,,,,,,,,,,,,
432,432,107,10427,Front_Bounce,1020,326,,,,,,,,,,,,,,
433,433,131,10434,Back_Bounce,1031,326,,,,,,,,,,,,,,
434,434,132,10439,Back_Bounce,1041,326,,,,,,,,,,,,,,
435,435,132,10441,Back_Hit,1044,324,,,,,,,,,,,,,,
436,436,131,10441,Back_Hit,1044,324,,,,,,,,,,,,,,
437,437,133,10445,Back_Bounce,1050,327,,,,,,,,,,,,,,
438,438,108,10446,Front_Bounce,1003,737,,,,,,,,,,,,,,
439,439,133,10448,Back_Hit,1057,326,,,,,,,,,,,,,,
440,440,109,10475,Front_Bounce,1156,790,,,,,,,,,,,,,,
441,441,110,10534,Front_Bounce,1183,769,,,,,,,,,,,,,,
442,442,63,10546,Front_Hit,778,756,,,,,,,,,,,,,,
443,443,64,10561,Front_Hit,722,755,,,,,,,,,,,,,,
444,444,111,10563,Front_Bounce,717,758,,,,,,,,,,,,,,
445,445,65,10579,Front_Hit,638,752,-8.645,20.22,-9.195,-1.5600000000000005,-9.195,-1.5600000000000005,214,433,117,214,70,302,276,638
446,446,112,10612,Front_Bounce,504,730,,,,,,,,,,,,,,
447,447,134,11172,Back_Bounce,836,313,1.4049999999999994,-4.930000000000001,-3.9750000000000005,-14.8,0.9249999999999998,11.71,1022,223,498,225,284,704,1235,705
448,448,135,11190,Back_Bounce,696,220,-1.375,-12.05,-3.6950000000000003,-13.3,0.9849999999999994,10.759999999999998,1022,223,500,221,284,703,1234,705
449,449,134,11200,Back_Hit,651,109,-2.865,-24.55,-3.4550000000000005,-13.56,0.7949999999999999,11.07,1023,223,499,223,284,703,1234,705
450,450,135,11203,Back_Hit,648,108,-2.8550000000000004,-25.07,-2.8350000000000004,-14.530000000000001,0.7649999999999997,10.95,1022,223,495,227,284,703,1234,705
451,451,136,11211,Back_Bounce,658,153,-2.3750000000000004,-19.21,-1.7550000000000003,-14.120000000000001,0.4950000000000001,11.120000000000001,1023,223,495,226,284,703,1234,705
452,452,136,11211,Back_Hit,658,153,-2.3750000000000004,-19.21,-1.7550000000000003,-14.120000000000001,0.4950000000000001,11.120000000000001,1023,223,495,226,284,703,1234,705
453,453,113,11219,Front_Bounce,676,261,-1.6050000000000004,-8.850000000000001,-1.0150000000000006,-14.200000000000001,0.3849999999999998,11.239999999999998,1023,223,495,226,284,703,1234,705
454,454,114,11251,Front_Bounce,778,833,0.22499999999999964,15.05,-0.9650000000000007,-14.59,-25.955,-45.5,1023,223,495,226,284,704,1235,705
455,455,66,11254,Front_Hit,788,842,0.33499999999999996,15.25,-1.0950000000000006,-14.790000000000001,0.29499999999999993,11.68,1023,223,495,226,284,704,1234,705
456,456,67,11290,Front_Hit,493,676,-3.1350000000000002,11.09,-3.0650000000000004,-14.860000000000001,-26.265,-45.89,1021,223,496,226,284,704,1234,705
457,457,68,11302,Front_Hit,619,537,,,,,,,,,,,,,,
458,458,137,11330,Back_Bounce,788,58,,,,,,,,,,,,,,
459,459,137,11341,Back_Hit,816,56,,,,,,,,,,,,,,
460,460,115,11345,Front_Bounce,1492,789,,,,,,,,,,,,,,
461,461,116,11421,Front_Bounce,842,799,,,,,,,,,,,,,,
462,462,69,11432,Front_Hit,832,801,,,,,,,,,,,,,,
463,463,138,11571,Back_Bounce,821,324,,,,,,,,,,,,,,
464,464,139,11585,Back_Bounce,640,241,-2.4450000000000003,-10.440000000000001,-4.045,-14.32,0.6849999999999996,12.059999999999999,1022,223,499,225,284,703,1234,704
465,465,140,11591,Back_Bounce,581,246,-3.615,-10.02,-4.035,-14.200000000000001,0.8049999999999997,11.91,1022,222,499,225,284,703,1235,705
466,466,138,11601,Back_Hit,537,132,-5.565,-21.68,-3.9750000000000005,-13.93,0.875,11.54,1023,223,499,224,284,704,1235,705
467,467,139,11602,Back_Hit,535,116,-5.805000000000001,-23.759999999999998,-3.9650000000000003,-13.83,0.835,11.599999999999998,1023,223,499,224,284,704,1235,705
468,468,140,11602,Back_Hit,535,116,-5.805000000000001,-23.759999999999998,-3.9650000000000003,-13.83,0.835,11.599999999999998,1023,223,499,224,284,704,1235,705
469,469,141,11653,Back_Bounce,692,197,-1.5150000000000001,-14.33,-2.1450000000000005,-12.25,0.004999999999999893,12.41,1023,223,499,223,284,704,1235,705
470,470,142,11664,Back_Bounce,585,206,-3.7350000000000003,-13.700000000000001,-1.0150000000000006,-13.06,-0.5049999999999999,13.48,1021,223,496,226,284,704,1234,705
471,471,141,11674,Back_Hit,533,119,-5.755000000000001,-23.62,-0.15500000000000025,-13.700000000000001,-0.8550000000000004,13.84,1022,223,496,226,284,703,1235,705
472,472,142,11674,Back_Hit,533,119,-5.755000000000001,-23.62,-0.15500000000000025,-13.700000000000001,-0.8550000000000004,13.84,1022,223,496,226,284,703,1235,705
473,473,143,11682,Back_Bounce,541,156,-5.155,-18.98,-0.015000000000000568,-14.760000000000002,-1.045,13.879999999999999,1023,223,496,226,284,704,1235,705
474,474,143,11682,Back_Hit,541,156,-5.155,-18.98,-0.015000000000000568,-14.760000000000002,-1.045,13.879999999999999,1023,223,496,226,284,704,1235,705
475,475,144,11701,Back_Bounce,574,318,-3.3150000000000004,-4.73,0.46499999999999986,-15.55,-1.3850000000000007,13.77,1023,223,495,226,284,704,1235,705
476,476,144,11712,Back_Hit,597,266,-3.1450000000000005,-8.48,1.455,-15.620000000000001,-1.0950000000000006,13.3,1020,224,496,226,284,703,1234,705
477,477,145,11754,Back_Bounce,685,263,-1.4350000000000005,-8.71,1.505,-14.99,-2.6550000000000002,13.009999999999998,1023,224,496,226,284,702,1234,705
478,478,145,11764,Back_Hit,1282,258,10.204999999999998,-8.84,1.545,-14.72,-4.255000000000001,12.509999999999998,1022,223,495,226,284,702,1234,705
479,479,117,11836,Front_Bounce,1191,778,,,,,,,,,,,,,,
480,480,70,11842,Front_Hit,1054,775,,,,,,,,,,,,,,
481,481,71,11852,Front_Hit,1140,778,,,,,,,,,,,,,,
482,482,118,11876,Front_Bounce,1088,779,,,,,,,,,,,,,,
483,483,146,12430,Back_Bounce,300,197,-3.7350000000000003,12.099999999999998,-4.965,12.239999999999998,-3.095,11.919999999999998,350,744,305,742,73,340,1509,407
484,484,146,12430,Back_Hit,300,197,-3.7350000000000003,12.099999999999998,-4.965,12.239999999999998,-3.095,11.919999999999998,350,744,305,742,73,340,1509,407
485,485,147,12557,Back_Bounce,650,320,-1.6050000000000004,11.96,-4.9350000000000005,12.189999999999998,-4.9350000000000005,12.189999999999998,363,744,321,743,70,341,1519,412
486,486,148,12572,Back_Bounce,778,260,,,,,,,,,,,,,,
487,487,147,12582,Back_Hit,785,128,,,,,,,,,,,,,,
488,488,148,12588,Back_Hit,781,104,,,,,,,,,,,,,,
489,489,119,12607,Front_Bounce,678,287,,,,,,,,,,,,,,
490,490,149,12671,Back_Bounce,696,281,,,,,,,,,,,,,,
491,491,149,12697,Back_Hit,1029,246,,,,,,,,,,,,,,
492,492,150,12931,Back_Hit,500,293,-4.835,-6.500000000000001,-26.005,-45.62,0.09499999999999975,13.16,1023,222,495,226,283,706,1235,705
493,493,150,12931,Back_Bounce,500,293,-4.835,-6.500000000000001,-26.005,-45.62,0.09499999999999975,13.16,1023,222,495,226,283,706,1235,705
494,494,120,12988,Front_Bounce,659,339,-1.7150000000000003,-3.34,-26.015,-45.6,-0.08499999999999996,-7.340000000000001,1023,222,495,226,284,705,1234,705
495,495,121,13038,Front_Bounce,820,737,,,,,,,,,,,,,,
496,496,151,13104,Back_Bounce,518,59,,,,,,,,,,,,,,
497,497,151,13110,Back_Hit,532,55,,,,,,,,,,,,,,
498,498,122,13111,Front_Bounce,769,226,,,,,,,,,,,,,,
499,499,152,13128,Back_Bounce,714,244,,,,,,,,,,,,,,
500,500,152,13132,Back_Hit,710,241,,,,,,,,,,,,,,
501,501,123,13137,Front_Bounce,846,733,,,,,,,,,,,,,,
502,502,72,13155,Front_Hit,837,737,,,,,,,,,,,,,,
503,503,153,13235,Back_Hit,517,190,,,,,,,,,,,,,,
504,504,153,13235,Back_Bounce,517,190,,,,,,,,,,,,,,
505,505,124,13272,Front_Bounce,897,516,,,,,,,,,,,,,,
506,506,154,13301,Back_Bounce,850,319,,,,,,,,,,,,,,
507,507,155,13316,Back_Bounce,732,241,,,,,,,,,,,,,,
508,508,155,13328,Back_Hit,691,117,,,,,,,,,,,,,,
509,509,154,13328,Back_Hit,691,117,,,,,,,,,,,,,,
510,510,156,13355,Back_Hit,677,154,,,,,,,,,,,,,,
511,511,156,13355,Back_Bounce,677,154,,,,,,,,,,,,,,
512,512,157,13413,Back_Bounce,750,281,,,,,,,,,,,,,,
513,513,157,13413,Back_Hit,750,281,,,,,,,,,,,,,,
514,514,125,13422,Front_Bounce,1021,733,,,,,,,,,,,,,,
515,515,126,13477,Front_Bounce,754,739,,,,,,,,,,,,,,
516,516,158,13532,Back_Bounce,662,329,-1.6750000000000003,-3.9300000000000006,1.125,-11.450000000000001,-3.2150000000000003,13.8,1023,221,495,226,284,702,1234,704
517,517,158,13559,Back_Hit,975,30,6.595,-36.85,1.1949999999999994,-12.120000000000001,-0.46500000000000075,13.41,1022,221,495,225,283,705,1234,704
518,518,159,13700,Back_Bounce,826,319,,,,,,,,,,,,,,
519,519,160,13718,Back_Bounce,579,258,,,,,,,,,,,,,,
520,520,159,13730,Back_Hit,513,129,,,,,,,,,,,,,,
521,521,161,13736,Back_Hit,490,112,,,,,,,,,,,,,,
522,522,160,13736,Back_Hit,490,112,,,,,,,,,,,,,,
523,523,161,13736,Back_Bounce,490,112,,,,,,,,,,,,,,
524,524,162,13740,Back_Bounce,514,143,,,,,,,,,,,,,,
525,525,162,13740,Back_Hit,514,143,,,,,,,,,,,,,,
526,526,127,13747,Front_Bounce,560,244,,,,,,,,,,,,,,
527,527,128,13756,Front_Bounce,628,458,,,,,,,,,,,,,,
528,528,73,13761,Front_Hit,661,480,,,,,,,,,,,,,,
529,529,163,13793,Back_Bounce,877,196,,,,,,,,,,,,,,
530,530,164,13803,Back_Hit,895,128,,,,,,,,,,,,,,
531,531,163,13803,Back_Hit,895,128,,,,,,,,,,,,,,
532,532,164,13803,Back_Bounce,895,128,,,,,,,,,,,,,,
533,533,165,13815,Back_Bounce,795,175,,,,,,,,,,,,,,
534,534,165,13815,Back_Hit,795,175,,,,,,,,,,,,,,
535,535,74,13841,Front_Hit,484,467,,,,,,,,,,,,,,
536,536,166,13871,Back_Bounce,910,191,,,,,,,,,,,,,,
537,537,166,13880,Back_Hit,957,132,,,,,,,,,,,,,,
538,538,167,13882,Back_Bounce,937,136,,,,,,,,,,,,,,
539,539,167,13882,Back_Hit,937,136,,,,,,,,,,,,,,
540,540,168,13889,Back_Bounce,877,172,,,,,,,,,,,,,,
541,541,168,13889,Back_Hit,877,172,,,,,,,,,,,,,,
542,542,129,13908,Front_Bounce,646,506,,,,,,,,,,,,,,
543,543,75,13911,Front_Hit,612,513,,,,,,,,,,,,,,
544,544,130,13915,Front_Bounce,557,544,,,,,,,,,,,,,,
545,545,169,13944,Back_Bounce,655,209,,,,,,,,,,,,,,
546,546,169,13957,Back_Hit,677,131,,,,,,,,,,,,,,
547,547,170,13960,Back_Hit,693,132,,,,,,,,,,,,,,
548,548,170,13960,Back_Bounce,693,132,,,,,,,,,,,,,,
549,549,131,13972,Front_Bounce,792,234,,,,,,,,,,,,,,
550,550,76,13994,Front_Hit,1054,569,,,,,,,,,,,,,,
551,551,171,14025,Back_Bounce,643,185,,,,,,,,,,,,,,
552,552,171,14034,Back_Hit,617,116,-3.6050000000000004,-23.83,-1.375,-12.76,3.755,13.09,1022,221,496,225,284,703,1240,705
553,553,172,14043,Back_Hit,585,150,-4.125,-19.62,-1.4050000000000002,-11.81,3.7849999999999993,13.02,1023,221,495,226,284,703,1237,703
554,554,172,14043,Back_Bounce,585,150,-4.125,-19.62,-1.4050000000000002,-11.81,3.7849999999999993,13.02,1023,221,495,226,284,703,1237,703
555,555,77,14073,Front_Hit,409,613,-4.385,9.129999999999999,-0.29499999999999993,-12.71,5.675,11.98,1023,222,495,226,283,704,1215,693
556,556,132,14269,Front_Bounce,427,756,,,,,,,,,,,,,,
557,557,78,14292,Front_Hit,527,761,,,,,,,,,,,,,,
558,558,133,14391,Front_Bounce,638,768,,,,,,,,,,,,,,
559,559,79,14430,Front_Hit,1043,773,,,,,,,,,,,,,,
560,560,134,14486,Front_Bounce,646,756,,,,,,,,,,,,,,
561,561,135,14797,Front_Bounce,638,243,,,,,,,,,,,,,,
562,562,173,14850,Back_Bounce,655,316,,,,,,,,,,,,,,
563,563,174,14865,Back_Bounce,947,250,,,,,,,,,,,,,,
564,564,173,14878,Back_Hit,1003,112,,,,,,,,,,,,,,
565,565,174,14878,Back_Hit,1003,112,,,,,,,,,,,,,,
566,566,175,14892,Back_Hit,927,134,,,,,,,,,,,,,,
567,567,175,14892,Back_Bounce,927,134,,,,,,,,,,,,,,
568,568,80,14924,Front_Hit,642,581,,,,,,,,,,,,,,
569,569,176,14954,Back_Bounce,549,228,,,,,,,,,,,,,,
570,570,176,14971,Back_Hit,536,104,,,,,,,,,,,,,,
571,571,177,14989,Back_Hit,652,115,,,,,,,,,,,,,,
572,572,177,14989,Back_Bounce,652,115,,,,,,,,,,,,,,
573,573,136,15368,Front_Bounce,582,627,-2.1250000000000004,9.71,1.4849999999999994,-12.110000000000001,-3.8150000000000004,14.559999999999999,1023,221,495,225,284,698,1234,705
574,574,137,15371,Front_Bounce,389,604,-4.665,8.989999999999998,1.4849999999999994,-12.200000000000001,-3.8150000000000004,14.57,1023,221,495,225,284,698,1234,704
575,575,138,15412,Front_Bounce,903,491,2.1149999999999993,4.669999999999998,1.625,-12.5,-26.455,-46.07,1023,223,496,225,284,696,1234,704
576,576,139,15451,Front_Bounce,714,598,-0.5049999999999999,8.7,1.125,-11.5,-3.4650000000000003,12.91,1023,221,499,225,277,704,1234,704
577,577,81,15475,Front_Hit,718,486,-0.5250000000000004,4.449999999999999,2.1049999999999995,-12.48,-3.2950000000000004,12.79,1020,220,495,225,282,703,1234,704
578,578,82,15483,Front_Hit,762,492,0.10499999999999954,4.689999999999998,2.9449999999999994,-13.09,-2.7150000000000003,12.689999999999998,1021,220,495,225,283,703,1234,704
579,579,140,15502,Front_Bounce,376,442,-5.855,2.389999999999999,4.124999999999999,-11.9,-1.1750000000000007,13.169999999999998,1019,216,496,225,283,702,1234,704
580,580,141,15542,Front_Bounce,187,441,-9.275,2.51,2.874999999999999,-13.13,-27.564999999999998,-45.61,1052,221,528,223,315,698,1265,705
581,581,142,15545,Front_Bounce,1504,583,9.094999999999999,7.91,2.7649999999999997,-13.690000000000001,-26.165,-41.55,1074,225,546,220,346,692,1283,706
582,582,143,15552,Front_Bounce,1455,573,8.105,7.579999999999998,2.554999999999999,-12.63,-27.355,-41.11,1107,225,581,218,364,696,1317,709
583,583,144,15555,Front_Bounce,1434,570,7.585,7.57,2.915,-12.99,-29.755,-45.12,1115,221,590,221,375,697,1333,710
584,584,83,15563,Front_Hit,1382,565,6.8950000000000005,7.460000000000001,3.6450000000000005,-11.92,-5.235,13.399999999999999,1114,214,590,222,384,689,1333,711
585,585,145,15567,Front_Bounce,1358,562,6.665,7.359999999999999,3.8549999999999995,-11.88,-4.855,13.649999999999999,1111,215,587,221,383,690,1330,710
586,586,84,15577,Front_Hit,1307,555,6.315,7.120000000000001,4.675,-12.26,-3.8050000000000006,13.669999999999998,1098,218,574,219,356,692,1309,709
587,587,85,15602,Front_Hit,1397,554,8.235,7.219999999999999,5.054999999999999,-11.290000000000001,-1.9550000000000005,14.61,1041,218,516,222,304,700,1252,703
588,588,146,15609,Front_Bounce,1372,551,8.085,7.0,4.935,-11.610000000000001,-1.6050000000000004,14.939999999999998,1037,222,511,220,293,700,1245,704
589,589,86,15616,Front_Hit,1347,550,7.815,6.98,4.255,-11.08,-1.1150000000000002,14.98,1033,223,507,221,289,700,1240,703
590,590,147,15636,Front_Bounce,534,489,-3.345,4.649999999999999,2.5949999999999998,-11.600000000000001,-0.3150000000000004,15.09,1032,222,507,221,289,701,1241,704
591,591,148,15642,Front_Bounce,1033,584,3.4850000000000003,8.23,2.135,-11.47,-0.004999999999999893,15.009999999999998,1031,221,506,222,289,702,1240,704
592,592,87,15645,Front_Hit,1038,585,3.5349999999999993,8.25,1.9449999999999994,-11.8,0.07499999999999929,14.91,1032,222,505,222,289,702,1240,704
593,593,149,15649,Front_Bounce,734,598,-0.40500000000000025,8.71,1.6849999999999996,-11.950000000000001,0.15499999999999936,15.079999999999998,1032,223,507,222,289,702,1240,704
594,594,150,15735,Front_Bounce,70,744,,,,,,,,,,,,,,
595,595,88,15789,Front_Hit,74,748,,,,,,,,,,,,,,
596,596,178,15913,Back_Bounce,715,55,,,,,,,,,,,,,,
597,597,178,15913,Back_Hit,715,55,,,,,,,,,,,,,,
598,598,89,15930,Front_Hit,1153,429,,,,,,,,,,,,,,
599,599,151,15942,Front_Bounce,755,600,,,,,,,,,,,,,,
600,600,152,15945,Front_Bounce,752,599,,,,,,,,,,,,,,
601,601,90,15955,Front_Hit,736,597,,,,,,,,,,,,,,
602,602,153,15959,Front_Bounce,732,597,,,,,,,,,,,,,,
603,603,91,15963,Front_Hit,729,598,,,,,,,,,,,,,,
604,604,154,15981,Front_Bounce,732,597,,,,,,,,,,,,,,
605,605,155,15993,Front_Bounce,742,597,,,,,,,,,,,,,,
606,606,156,15996,Front_Bounce,745,597,,,,,,,,,,,,,,
607,607,157,16000,Front_Bounce,751,596,,,,,,,,,,,,,,
608,608,92,16003,Front_Hit,754,596,,,,,,,,,,,,,,
609,609,158,16009,Front_Bounce,566,482,,,,,,,,,,,,,,
610,610,159,16017,Front_Bounce,771,596,,,,,,,,,,,,,,
611,611,93,16027,Front_Hit,780,441,,,,,,,,,,,,,,
612,612,179,16048,Back_Bounce,663,230,,,,,,,,,,,,,,
613,613,160,16050,Front_Bounce,671,228,,,,,,,,,,,,,,
614,614,180,16065,Back_Hit,706,142,,,,,,,,,,,,,,
615,615,179,16065,Back_Hit,706,142,,,,,,,,,,,,,,
616,616,180,16065,Back_Bounce,706,142,,,,,,,,,,,,,,
617,617,161,16092,Front_Bounce,819,461,,,,,,,,,,,,,,
618,618,94,16104,Front_Hit,881,496,,,,,,,,,,,,,,
619,619,181,16131,Back_Bounce,960,204,,,,,,,,,,,,,,
620,620,182,16137,Back_Hit,585,139,,,,,,,,,,,,,,
621,621,181,16137,Back_Hit,585,139,,,,,,,,,,,,,,
622,622,182,16137,Back_Bounce,585,139,,,,,,,,,,,,,,
623,623,162,16138,Front_Bounce,958,204,,,,,,,,,,,,,,
624,624,183,16146,Back_Bounce,958,208,,,,,,,,,,,,,,
625,625,183,16147,Back_Hit,633,154,,,,,,,,,,,,,,
626,626,184,16163,Back_Bounce,1013,204,,,,,,,,,,,,,,
627,627,163,16166,Front_Bounce,795,291,,,,,,,,,,,,,,
628,628,185,16172,Back_Bounce,806,256,,,,,,,,,,,,,,
629,629,164,16174,Front_Bounce,810,250,,,,,,,,,,,,,,
630,630,186,16184,Back_Bounce,830,259,,,,,,,,,,,,,,
631,631,184,16185,Back_Hit,1008,202,,,,,,,,,,,,,,
632,632,165,16186,Front_Bounce,836,267,,,,,,,,,,,,,,
633,633,166,16190,Front_Bounce,842,291,,,,,,,,,,,,,,
634,634,187,16193,Back_Bounce,847,292,,,,,,,,,,,,,,
635,635,188,16200,Back_Bounce,863,259,,,,,,,,,,,,,,
636,636,186,16202,Back_Hit,445,11,,,,,,,,,,,,,,
637,637,187,16202,Back_Hit,445,11,,,,,,,,,,,,,,
638,638,188,16202,Back_Hit,445,11,,,,,,,,,,,,,,
639,639,185,16202,Back_Hit,445,11,,,,,,,,,,,,,,
640,640,167,16219,Front_Bounce,709,83,,,,,,,,,,,,,,
641,641,189,16243,Back_Hit,472,83,,,,,,,,,,,,,,
642,642,189,16243,Back_Bounce,472,83,,,,,,,,,,,,,,
643,643,190,16717,Back_Hit,814,44,,,,,,,,,,,,,,
644,644,190,16717,Back_Bounce,814,44,,,,,,,,,,,,,,
645,645,168,16762,Front_Bounce,756,183,,,,,,,,,,,,,,
646,646,169,16765,Front_Bounce,758,186,,,,,,,,,,,,,,
647,647,191,16772,Back_Bounce,762,195,,,,,,,,,,,,,,
648,648,191,16786,Back_Hit,711,117,,,,,,,,,,,,,,
649,649,192,16791,Back_Bounce,666,117,,,,,,,,,,,,,,
650,650,192,16791,Back_Hit,666,117,,,,,,,,,,,,,,
651,651,193,16805,Back_Bounce,540,179,,,,,,,,,,,,,,
652,652,193,16805,Back_Hit,540,179,,,,,,,,,,,,,,
653,653,194,16857,Back_Bounce,414,244,,,,,,,,,,,,,,
654,654,194,16857,Back_Hit,414,244,,,,,,,,,,,,,,
655,655,195,17007,Back_Hit,872,84,,,,,,,,,,,,,,
656,656,195,17007,Back_Bounce,872,84,,,,,,,,,,,,,,
657,657,196,17058,Back_Bounce,823,171,,,,,,,,,,,,,,
658,658,196,17067,Back_Hit,823,148,,,,,,,,,,,,,,
659,659,170,17070,Front_Bounce,822,169,,,,,,,,,,,,,,
660,660,197,17077,Back_Bounce,826,165,,,,,,,,,,,,,,
661,661,197,17107,Back_Hit,825,69,,,,,,,,,,,,,,
662,662,198,17110,Back_Bounce,826,53,,,,,,,,,,,,,,
663,663,199,17118,Back_Hit,824,27,,,,,,,,,,,,,,
664,664,198,17118,Back_Hit,824,27,,,,,,,,,,,,,,
665,665,199,17118,Back_Bounce,824,27,,,,,,,,,,,,,,
666,666,171,17124,Front_Bounce,961,191,,,,,,,,,,,,,,
667,667,200,17134,Back_Bounce,957,192,,,,,,,,,,,,,,
668,668,200,17135,Back_Hit,752,110,,,,,,,,,,,,,,
669,669,172,17151,Front_Bounce,458,417,,,,,,,,,,,,,,
670,670,201,17181,Back_Bounce,815,238,,,,,,,,,,,,,,
671,671,201,17194,Back_Hit,883,153,,,,,,,,,,,,,,
672,672,202,17202,Back_Bounce,928,198,,,,,,,,,,,,,,
673,673,202,17202,Back_Hit,928,198,,,,,,,,,,,,,,
674,674,173,17218,Front_Bounce,1084,469,,,,,,,,,,,,,,
675,675,95,17223,Front_Hit,1137,495,,,,,,,,,,,,,,
676,676,174,17281,Front_Bounce,629,250,,,,,,,,,,,,,,
677,677,203,17323,Back_Hit,1229,244,,,,,,,,,,,,,,
678,678,203,17323,Back_Bounce,1229,244,,,,,,,,,,,,,,
679,679,204,17386,Back_Hit,745,68,,,,,,,,,,,,,,
680,680,204,17386,Back_Bounce,745,68,,,,,,,,,,,,,,
681,681,175,17388,Front_Bounce,906,262,,,,,,,,,,,,,,
682,682,205,17625,Back_Bounce,1028,271,,,,,,,,,,,,,,
683,683,205,17625,Back_Hit,1028,271,,,,,,,,,,,,,,
684,684,176,17633,Front_Bounce,1177,839,,,,,,,,,,,,,,
685,685,96,17638,Front_Hit,1140,834,2.915,44.29,-12.285,-155.14,-12.285,-155.14,1301,239,256,601,214,808,1359,419
686,686,177,17640,Front_Bounce,1130,836,3.054999999999999,46.14,-15.325,-220.43,-15.325,-220.43,1305,254,248,626,201,806,1362,422
687,687,97,17646,Front_Hit,1093,844,,,,,,,,,,,,,,
688,688,206,17896,Back_Hit,713,55,,,,,,,,,,,,,,
689,689,206,17896,Back_Bounce,713,55,,,,,,,,,,,,,,
690,690,178,17924,Front_Bounce,757,578,,,,,,,,,,,,,,
691,691,207,17949,Back_Bounce,745,138,,,,,,,,,,,,,,
692,692,207,17950,Back_Hit,1417,101,,,,,,,,,,,,,,
693,693,179,17951,Front_Bounce,730,142,,,,,,,,,,,,,,
694,694,208,17954,Back_Bounce,710,150,,,,,,,,,,,,,,
695,695,180,17962,Front_Bounce,661,189,,,,,,,,,,,,,,
696,696,208,17975,Back_Hit,634,123,,,,,,,,,,,,,,
697,697,209,17982,Back_Hit,685,149,,,,,,,,,,,,,,
698,698,209,17982,Back_Bounce,685,149,,,,,,,,,,,,,,
699,699,181,17992,Front_Bounce,807,284,,,,,,,,,,,,,,
700,700,98,18006,Front_Hit,997,467,,,,,,,,,,,,,,
701,701,210,18042,Back_Bounce,905,172,,,,,,,,,,,,,,
702,702,210,18054,Back_Hit,899,80,,,,,,,,,,,,,,
703,703,211,18085,Back_Bounce,903,105,,,,,,,,,,,,,,
704,704,212,18095,Back_Bounce,909,115,,,,,,,,,,,,,,
705,705,211,18102,Back_Hit,1016,77,,,,,,,,,,,,,,
706,706,212,18102,Back_Hit,1016,77,,,,,,,,,,,,,,
707,707,182,18509,Front_Bounce,1144,567,,,,,,,,,,,,,,
708,708,213,18621,Back_Bounce,779,48,,,,,,,,,,,,,,
709,709,213,18621,Back_Hit,779,48,,,,,,,,,,,,,,
710,710,214,18657,Back_Bounce,650,223,,,,,,,,,,,,,,
711,711,183,18659,Front_Bounce,645,233,,,,,,,,,,,,,,
712,712,215,18663,Back_Bounce,638,259,,,,,,,,,,,,,,
713,713,216,18674,Back_Bounce,614,209,,,,,,,,,,,,,,
714,714,184,18676,Front_Bounce,609,209,,,,,,,,,,,,,,
715,715,217,18682,Back_Bounce,598,220,,,,,,,,,,,,,,
716,716,214,18683,Back_Hit,769,155,,,,,,,,,,,,,,
717,717,185,18686,Front_Bounce,592,235,,,,,,,,,,,,,,
718,718,215,18688,Back_Hit,773,152,,,,,,,,,,,,,,
719,719,186,18691,Front_Bounce,583,216,,,,,,,,,,,,,,
720,720,218,18695,Back_Bounce,574,208,,,,,,,,,,,,,,
721,721,187,18697,Front_Bounce,572,203,,,,,,,,,,,,,,
722,722,216,18701,Back_Hit,779,143,,,,,,,,,,,,,,
723,723,217,18701,Back_Hit,779,143,,,,,,,,,,,,,,
724,724,188,18702,Front_Bounce,565,214,,,,,,,,,,,,,,
725,725,219,18716,Back_Bounce,544,204,,,,,,,,,,,,,,
726,726,218,18718,Back_Hit,792,140,,,,,,,,,,,,,,
727,727,219,18718,Back_Hit,792,140,,,,,,,,,,,,,,
728,728,189,18719,Front_Bounce,540,209,,,,,,,,,,,,,,
729,729,220,18726,Back_Bounce,530,201,,,,,,,,,,,,,,
730,730,221,18741,Back_Bounce,807,148,,,,,,,,,,,,,,
731,731,221,18751,Back_Hit,819,139,,,,,,,,,,,,,,
732,732,220,18751,Back_Hit,819,139,,,,,,,,,,,,,,
733,733,222,18872,Back_Hit,819,54,,,,,,,,,,,,,,
734,734,222,18872,Back_Bounce,819,54,,,,,,,,,,,,,,
735,735,190,18891,Front_Bounce,467,363,,,,,,,,,,,,,,
736,736,99,18897,Front_Hit,355,376,,,,,,,,,,,,,,
737,737,223,18926,Back_Bounce,626,185,,,,,,,,,,,,,,
738,738,224,18941,Back_Bounce,661,110,-1.085,-13.68,-10.275,-12.9,-10.275,-12.9,1086,394,592,271,1153,817,1243,813
739,739,223,18942,Back_Hit,1053,100,3.175,-6.250000000000001,-9.995000000000001,-9.09,-9.995000000000001,-9.09,1079,391,590,273,1151,818,813,802
740,740,224,18942,Back_Hit,1053,100,3.175,-6.250000000000001,-9.995000000000001,-9.09,-9.995000000000001,-9.09,1079,391,590,273,1151,818,813,802
741,741,191,19300,Front_Bounce,739,686,-6.4750000000000005,21.490000000000002,-154.805,-200.87,-154.805,-200.87,1205,341,975,327,888,504,1277,502
742,742,100,19306,Front_Hit,704,659,-7.345000000000001,20.32,-169.76500000000001,-224.02999999999997,-169.76500000000001,-224.02999999999997,1205,341,974,328,887,505,1277,502
743,743,192,19398,Front_Bounce,623,680,,,,,,,,,,,,,,
744,744,193,19527,Front_Bounce,970,393,,,,,,,,,,,,,,
745,745,101,19530,Front_Hit,1082,398,,,,,,,,,,,,,,
746,746,194,19532,Front_Bounce,1142,406,,,,,,,,,,,,,,
747,747,195,19537,Front_Bounce,758,590,,,,,,,,,,,,,,
748,748,102,19542,Front_Hit,754,590,,,,,,,,,,,,,,
749,749,196,19544,Front_Bounce,751,590,,,,,,,,,,,,,,
750,750,103,19556,Front_Hit,736,588,,,,,,,,,,,,,,
751,751,225,19582,Back_Bounce,655,134,,,,,,,,,,,,,,
752,752,225,19582,Back_Hit,655,134,,,,,,,,,,,,,,
753,753,226,19588,Back_Hit,648,156,,,,,,,,,,,,,,
754,754,226,19588,Back_Bounce,648,156,,,,,,,,,,,,,,
755,755,197,19597,Front_Bounce,623,262,,,,,,,,,,,,,,
756,756,198,19610,Front_Bounce,550,600,,,,,,,,,,,,,,
757,757,104,19618,Front_Hit,505,618,,,,,,,,,,,,,,
758,758,105,19623,Front_Hit,436,659,,,,,,,,,,,,,,
759,759,106,19650,Front_Hit,248,499,,,,,,,,,,,,,,
760,760,199,19652,Front_Bounce,240,513,,,,,,,,,,,,,,
761,761,200,19715,Front_Bounce,567,304,,,,,,,,,,,,,,
762,762,201,19759,Front_Bounce,1200,393,,,,,,,,,,,,,,
763,763,107,19765,Front_Hit,1227,394,,,,,,,,,,,,,,
764,764,202,19864,Front_Bounce,1159,511,,,,,,,,,,,,,,
