,index,point,frame,ballx,bally,playerAx,playerAy,playerBx,playerBy,hitplayer,bouncehit,foreback,direction,Server,Returner,Game,winner,ballx_f,bally_f,playerAx_f,playerAy_f,playerBx_f,playerBy_f,hitplayer_x,hitplayer_y,waitplayer_x,waitplayer_y,nth
7,7,4,2307.0,2.14,-2.55,3.65,-2.55,4.4,26.28,Nakashima,Hit,Fore,Cross,Nakashima,Nishioka,0-0,Nishioka,-3.345,-14.440000000000001,-1.8350000000000004,-14.440000000000001,-1.085,14.39,-1.8350000000000004,-14.440000000000001,-1.085,14.39,3
11,11,4,2389.0,1.43,0.06,2.78,0.06,6.56,25.93,Nakashima,Hit,Fore,Cross,Nakashima,Nishioka,0-0,Nishioka,-4.055000000000001,-11.83,-2.7050000000000005,-11.83,1.0749999999999993,14.04,-2.7050000000000005,-11.83,1.0749999999999993,14.04,7
15,15,4,2465.0,8.75,-1.97,7.43,-1.97,6.04,24.53,Nakashima,Hit,Back,Cross,Nakashima,Nishioka,0-0,Nishioka,3.2649999999999997,-13.860000000000001,1.9449999999999994,-13.860000000000001,0.5549999999999997,12.64,1.9449999999999994,-13.860000000000001,0.5549999999999997,12.64,11
19,19,4,2566.0,10.76,-2.09,8.91,-2.09,4.73,25.18,Nakashima,Hit,Back,Cross,Nakashima,Nishioka,0-0,Nishioka,5.2749999999999995,-13.98,3.425,-13.98,-0.7549999999999999,13.29,3.425,-13.98,-0.7549999999999999,13.29,15
23,23,6,3570.0,0.73,-0.93,2.36,-0.93,9.5,22.96,Nakashima,Hit,Fore,Cross,Nakashima,Nishioka,0-0,Nishioka,-4.755000000000001,-12.82,-3.1250000000000004,-12.82,4.015,11.07,-3.1250000000000004,-12.82,4.015,11.07,3
27,27,8,4559.0,8.35,-1.35,7.06,-1.35,5.19,25.72,Nakashima,Hit,Back,Cross,Nakashima,Nishioka,0-0,Nakashima,2.8649999999999993,-13.24,1.5749999999999993,-13.24,-0.29499999999999993,13.829999999999998,1.5749999999999993,-13.24,-0.29499999999999993,13.829999999999998,3
31,31,8,4649.0,9.59,-2.17,8.44,-2.17,5.12,25.67,Nakashima,Hit,Back,Cross,Nakashima,Nishioka,0-0,Nakashima,4.1049999999999995,-14.06,2.954999999999999,-14.06,-0.3650000000000002,13.780000000000001,2.954999999999999,-14.06,-0.3650000000000002,13.780000000000001,7
39,39,10,6513.0,1.15,24.38,6.01,-3.18,2.95,24.38,Nakashima,Hit,Back,Cross,Nishioka,Nakashima,1-0,Nishioka,-4.335000000000001,12.489999999999998,0.5249999999999995,-15.07,-2.535,12.489999999999998,-2.535,12.489999999999998,0.5249999999999995,-15.07,5
45,45,11,7067.0,5.75,24.91,6.09,-3.32,4.67,24.91,Nakashima,Hit,Fore,Cross,Nishioka,Nakashima,1-0,Nakashima,0.2649999999999997,13.02,0.6049999999999995,-15.21,-0.8150000000000004,13.02,-0.8150000000000004,13.02,0.6049999999999995,-15.21,5
49,49,11,7151.0,1.91,25.58,6.05,-3.46,3.5,25.58,Nakashima,Hit,Back,Cross,Nishioka,Nakashima,1-0,Nakashima,-3.575,13.689999999999998,0.5649999999999995,-15.350000000000001,-1.9850000000000003,13.689999999999998,-1.9850000000000003,13.689999999999998,0.5649999999999995,-15.350000000000001,9
53,53,11,7232.0,2.04,25.22,6.83,-3.38,3.37,25.22,Nakashima,Hit,Back,Cross,Nishioka,Nakashima,1-0,Nakashima,-3.4450000000000003,13.329999999999998,1.3449999999999998,-15.27,-2.115,13.329999999999998,-2.115,13.329999999999998,1.3449999999999998,-15.27,13
57,57,11,7318.0,8.39,24.31,5.13,-3.81,6.9,24.31,Nakashima,Hit,Fore,Cross,Nishioka,Nakashima,1-0,Nakashima,2.9050000000000002,12.419999999999998,-0.3550000000000004,-15.700000000000001,1.415,12.419999999999998,1.415,12.419999999999998,-0.3550000000000004,-15.700000000000001,17
61,61,11,7407.0,3.34,25.42,5.19,-2.28,4.2,25.42,Nakashima,Hit,Back,Cross,Nishioka,Nakashima,1-0,Nakashima,-2.1450000000000005,13.530000000000001,-0.29499999999999993,-14.17,-1.2850000000000001,13.530000000000001,-1.2850000000000001,13.530000000000001,-0.29499999999999993,-14.17,21
65,65,11,7496.0,-2.57,25.62,6.96,-3.68,-0.39,25.62,Nakashima,Hit,Back,Cross,Nishioka,Nakashima,1-0,Nakashima,-8.055,13.73,1.4749999999999996,-15.57,-5.875,13.73,-5.875,13.73,1.4749999999999996,-15.57,25
69,69,11,7579.0,9.47,27.18,5.24,-3.23,6.93,27.18,Nakashima,Hit,Fore,Cross,Nishioka,Nakashima,1-0,Nakashima,3.9850000000000003,15.29,-0.2450000000000001,-15.120000000000001,1.4449999999999994,15.29,1.4449999999999994,15.29,-0.2450000000000001,-15.120000000000001,29
73,73,11,7736.0,2.32,27.04,5.25,3.9,2.88,27.04,Nakashima,Hit,Back,Cross,Nishioka,Nakashima,1-0,Nakashima,-3.1650000000000005,15.149999999999999,-0.23500000000000032,-7.99,-2.6050000000000004,15.149999999999999,-2.6050000000000004,15.149999999999999,-0.23500000000000032,-7.99,33
81,81,13,8894.0,10.39,25.79,4.98,-3.33,8.38,25.79,Nakashima,Hit,Fore,Cross,Nishioka,Nakashima,1-0,Nishioka,4.905,13.899999999999999,-0.5049999999999999,-15.22,2.8950000000000005,13.899999999999999,2.8950000000000005,13.899999999999999,-0.5049999999999999,-15.22,5
87,87,14,9504.0,7.74,24.57,5.11,-1.42,6.06,24.57,Nakashima,Hit,Fore,Cross,Nishioka,Nakashima,1-0,Nishioka,2.255,12.68,-0.375,-13.31,0.5749999999999993,12.68,0.5749999999999993,12.68,-0.375,-13.31,5
97,97,18,11530.0,6.19,15.19,5.49,-0.82,5.6,15.19,Nakashima,Hit,Fore,Cross,Nishioka,Nakashima,1-0,Nakashima,0.7050000000000001,3.299999999999999,0.004999999999999893,-12.71,0.11499999999999932,3.299999999999999,0.11499999999999932,3.299999999999999,0.004999999999999893,-12.71,5
105,105,20,12553.0,0.56,24.06,7.57,-2.51,2.06,24.06,Nakashima,Hit,Back,Cross,Nishioka,Nakashima,1-0,Nakashima,-4.925000000000001,12.169999999999998,2.085,-14.4,-3.4250000000000003,12.169999999999998,-3.4250000000000003,12.169999999999998,2.085,-14.4,5
109,109,20,12629.0,2.57,-33.3,-19.03,-33.3,-19.03,-33.3,Nakashima,Hit,Fore,Cross,Nishioka,Nakashima,1-0,Nakashima,-2.9150000000000005,-45.19,-24.515,-45.19,-24.515,-45.19,-24.515,-45.19,-24.515,-45.19,9
114,114,21,13641.0,10.22,22.47,2.44,-2.78,8.63,22.47,Nakashima,Hit,Fore,Cross,Nakashima,Nishioka,2-0,Nishioka,4.735,10.579999999999998,-3.0450000000000004,-14.67,3.1450000000000005,10.579999999999998,3.1450000000000005,10.579999999999998,-3.0450000000000004,-14.67,3
121,121,22,14311.0,10.11,27.13,-7.2,-24.74,7.78,27.13,Nakashima,Hit,Fore,Cross,Nakashima,Nishioka,2-0,Nakashima,4.624999999999999,15.239999999999998,-12.685,-36.629999999999995,2.295,15.239999999999998,2.295,15.239999999999998,-12.685,-36.629999999999995,3
125,125,22,14387.0,8.36,25.16,4.29,-4.18,7.22,25.16,Nakashima,Hit,Fore,Cross,Nakashima,Nishioka,2-0,Nakashima,2.874999999999999,13.27,-1.1950000000000003,-16.07,1.7349999999999994,13.27,1.7349999999999994,13.27,-1.1950000000000003,-16.07,7
129,129,22,14473.0,10.4,25.01,4.73,-2.94,8.77,25.01,Nakashima,Hit,Fore,Cross,Nakashima,Nishioka,2-0,Nakashima,4.915,13.120000000000001,-0.7549999999999999,-14.83,3.2849999999999993,13.120000000000001,3.2849999999999993,13.120000000000001,-0.7549999999999999,-14.83,11
139,139,25,16244.0,2.11,20.03,5.52,-2.77,1.6,20.03,Nakashima,Hit,Fore,Cross,Nakashima,Nishioka,2-0,Nishioka,-3.3750000000000004,8.14,0.034999999999999254,-14.66,-3.8850000000000002,8.14,-3.8850000000000002,8.14,0.034999999999999254,-14.66,3
143,143,26,17024.0,2.82,22.79,8.56,-3.93,3.93,22.79,Nakashima,Hit,Back,Cross,Nakashima,Nishioka,2-0,Nishioka,-2.6650000000000005,10.899999999999999,3.075,-15.82,-1.5550000000000002,10.899999999999999,-1.5550000000000002,10.899999999999999,3.075,-15.82,3
147,147,26,17083.0,8.32,16.79,5.33,-2.66,6.79,16.79,Nakashima,Hit,Fore,Cross,Nakashima,Nishioka,2-0,Nishioka,2.835,4.899999999999999,-0.15500000000000025,-14.55,1.3049999999999997,4.899999999999999,1.3049999999999997,4.899999999999999,-0.15500000000000025,-14.55,7
151,151,27,17881.0,10.25,-37.45,-14.72,-37.45,-14.72,-37.45,Nakashima,Hit,Fore,Cross,Nakashima,Nishioka,2-0,Nishioka,4.765,-49.34,-20.205000000000002,-49.34,-20.205000000000002,-49.34,-20.205000000000002,-49.34,-20.205000000000002,-49.34,3
155,155,28,18621.0,5.62,24.63,5.64,-3.96,4.58,24.63,Nakashima,Hit,Fore,Cross,Nakashima,Nishioka,2-0,Nishioka,0.1349999999999998,12.739999999999998,0.15499999999999936,-15.850000000000001,-0.9050000000000002,12.739999999999998,-0.9050000000000002,12.739999999999998,0.15499999999999936,-15.850000000000001,3
159,159,28,18718.0,4.88,24.84,4.94,-3.94,3.82,24.84,Nakashima,Hit,Fore,Cross,Nakashima,Nishioka,2-0,Nishioka,-0.6050000000000004,12.95,-0.5449999999999999,-15.83,-1.6650000000000005,12.95,-1.6650000000000005,12.95,-0.5449999999999999,-15.83,7
165,165,29,22318.0,5.89,-2.07,6.87,-2.07,5.23,25.42,Nakashima,Hit,Fore,Cross,Nishioka,Nakashima,2-1,Nakashima,0.40499999999999936,-13.96,1.3849999999999998,-13.96,-0.2549999999999999,13.530000000000001,1.3849999999999998,-13.96,-0.2549999999999999,13.530000000000001,5
169,169,29,22399.0,0.08,-1.42,1.32,-1.42,6.76,25.31,Nakashima,Hit,Fore,Cross,Nishioka,Nakashima,2-1,Nakashima,-5.405,-13.31,-4.165,-13.31,1.2749999999999995,13.419999999999998,-4.165,-13.31,1.2749999999999995,13.419999999999998,9
177,177,30,23503.0,4.28,-1.21,5.59,-1.21,5.74,26.73,Nakashima,Hit,Fore,Cross,Nishioka,Nakashima,2-1,Nishioka,-1.205,-13.100000000000001,0.10499999999999954,-13.100000000000001,0.2549999999999999,14.84,0.10499999999999954,-13.100000000000001,0.2549999999999999,14.84,5
181,181,30,23584.0,3.83,-0.86,5.32,-0.86,7.57,26.26,Nakashima,Hit,Fore,Cross,Nishioka,Nakashima,2-1,Nishioka,-1.6550000000000002,-12.75,-0.16500000000000004,-12.75,2.085,14.370000000000001,-0.16500000000000004,-12.75,2.085,14.370000000000001,9
188,188,32,24522.0,3.82,-3.73,5.01,-3.73,5.66,25.95,Nakashima,Hit,Fore,Cross,Nishioka,Nakashima,2-1,Nakashima,-1.6650000000000005,-15.620000000000001,-0.47500000000000053,-15.620000000000001,0.17499999999999982,14.059999999999999,-0.47500000000000053,-15.620000000000001,0.17499999999999982,14.059999999999999,5
192,192,32,24596.0,3.28,-0.38,4.66,-0.38,8.94,26.6,Nakashima,Hit,Fore,Cross,Nishioka,Nakashima,2-1,Nakashima,-2.2050000000000005,-12.270000000000001,-0.8250000000000002,-12.270000000000001,3.454999999999999,14.71,-0.8250000000000002,-12.270000000000001,3.454999999999999,14.71,9
204,204,35,26267.0,8.78,-1.78,7.77,-1.78,4.81,26.49,Nakashima,Hit,Back,Cross,Nishioka,Nakashima,2-1,Nishioka,3.294999999999999,-13.67,2.2849999999999993,-13.67,-0.6750000000000007,14.599999999999998,2.2849999999999993,-13.67,-0.6750000000000007,14.599999999999998,5
211,211,37,27219.0,6.44,-1.2,5.67,-1.2,5.39,26.43,Nakashima,Hit,Back,Cross,Nishioka,Nakashima,2-1,Nakashima,0.9550000000000001,-13.09,0.1849999999999996,-13.09,-0.09500000000000064,14.54,0.1849999999999996,-13.09,-0.09500000000000064,14.54,5
215,215,37,27299.0,3.61,-2.87,4.85,-2.87,6.34,26.44,Nakashima,Hit,Fore,Cross,Nishioka,Nakashima,2-1,Nakashima,-1.8750000000000004,-14.760000000000002,-0.6350000000000007,-14.760000000000002,0.8549999999999995,14.55,-0.6350000000000007,-14.760000000000002,0.8549999999999995,14.55,9
219,219,37,27376.0,8.81,-2.15,7.29,-2.15,7.13,25.89,Nakashima,Hit,Back,Cross,Nishioka,Nakashima,2-1,Nakashima,3.325,-14.040000000000001,1.8049999999999997,-14.040000000000001,1.6449999999999996,14.0,1.8049999999999997,-14.040000000000001,1.6449999999999996,14.0,13
223,223,37,27469.0,10.42,-2.06,9.16,-2.06,4.92,25.1,Nakashima,Hit,Back,Cross,Nishioka,Nakashima,2-1,Nakashima,4.935,-13.950000000000001,3.675,-13.950000000000001,-0.5650000000000004,13.21,3.675,-13.950000000000001,-0.5650000000000004,13.21,17
227,227,37,27546.0,4.57,-2.21,5.93,-2.21,2.95,26.61,Nakashima,Hit,Fore,Cross,Nishioka,Nakashima,2-1,Nakashima,-0.915,-14.100000000000001,0.4449999999999994,-14.100000000000001,-2.535,14.719999999999999,0.4449999999999994,-14.100000000000001,-2.535,14.719999999999999,21
231,231,37,27689.0,11.22,9.22,10.71,9.22,6.44,26.53,Nakashima,Hit,Back,Cross,Nishioka,Nakashima,2-1,Nakashima,5.735,-2.67,5.2250000000000005,-2.67,0.9550000000000001,14.64,5.2250000000000005,-2.67,0.9550000000000001,14.64,25
238,238,42,30224.0,4.85,-2.74,5.9,-2.74,6.66,25.01,Nakashima,Hit,Fore,Cross,Nakashima,Nishioka,3-1,Nishioka,-0.6350000000000007,-14.63,0.41500000000000004,-14.63,1.1749999999999998,13.120000000000001,0.41500000000000004,-14.63,1.1749999999999998,13.120000000000001,3
242,242,42,30318.0,10.84,1.81,9.87,1.81,4.44,25.41,Nakashima,Hit,Back,Cross,Nakashima,Nishioka,3-1,Nishioka,5.3549999999999995,-10.08,4.384999999999999,-10.08,-1.045,13.52,4.384999999999999,-10.08,-1.045,13.52,7
246,246,43,31053.0,2.43,-2.34,3.94,-2.34,3.33,26.48,Nakashima,Hit,Fore,Cross,Nakashima,Nishioka,3-1,Nakashima,-3.055,-14.23,-1.5450000000000004,-14.23,-2.1550000000000002,14.59,-1.5450000000000004,-14.23,-2.1550000000000002,14.59,3
250,250,43,31127.0,5.63,-0.43,6.71,-0.43,7.45,26.48,Nakashima,Hit,Fore,Cross,Nakashima,Nishioka,3-1,Nakashima,0.14499999999999957,-12.32,1.2249999999999996,-12.32,1.9649999999999999,14.59,1.2249999999999996,-12.32,1.9649999999999999,14.59,7
255,255,44,31798.0,8.58,-1.46,7.5,-1.46,4.93,26.55,Nakashima,Hit,Back,Cross,Nakashima,Nishioka,3-1,Nishioka,3.0949999999999998,-13.350000000000001,2.0149999999999997,-13.350000000000001,-0.5550000000000006,14.66,2.0149999999999997,-13.350000000000001,-0.5550000000000006,14.66,3
259,259,44,31878.0,3.38,-1.11,4.68,-1.11,4.66,26.27,Nakashima,Hit,Fore,Cross,Nakashima,Nishioka,3-1,Nishioka,-2.1050000000000004,-13.0,-0.8050000000000006,-13.0,-0.8250000000000002,14.379999999999999,-0.8050000000000006,-13.0,-0.8250000000000002,14.379999999999999,7
263,263,44,31959.0,8.35,-1.1,7.5,-1.1,8.98,27.12,Nakashima,Hit,Back,Cross,Nakashima,Nishioka,3-1,Nishioka,2.8649999999999993,-12.99,2.0149999999999997,-12.99,3.495,15.23,2.0149999999999997,-12.99,3.495,15.23,11
268,268,45,32757.0,7.66,3.1,6.91,3.1,4.76,25.86,Nakashima,Hit,Back,Cross,Nakashima,Nishioka,3-1,Nakashima,2.175,-8.790000000000001,1.4249999999999998,-8.790000000000001,-0.7250000000000005,13.969999999999999,1.4249999999999998,-8.790000000000001,-0.7250000000000005,13.969999999999999,3
272,272,45,32845.0,9.38,9.62,8.0,9.62,6.39,21.99,Nakashima,Hit,Back,Cross,Nakashima,Nishioka,3-1,Nakashima,3.8950000000000005,-2.2700000000000014,2.5149999999999997,-2.2700000000000014,0.9049999999999994,10.099999999999998,2.5149999999999997,-2.2700000000000014,0.9049999999999994,10.099999999999998,7
277,277,46,33628.0,3.66,-1.86,4.84,-1.86,7.18,25.08,Nakashima,Hit,Fore,Cross,Nakashima,Nishioka,3-1,Nakashima,-1.8250000000000002,-13.75,-0.6450000000000005,-13.75,1.6949999999999994,13.189999999999998,-0.6450000000000005,-13.75,1.6949999999999994,13.189999999999998,3
281,281,46,33701.0,3.07,-4.2,4.25,-4.2,5.18,18.97,Nakashima,Hit,Fore,Cross,Nakashima,Nishioka,3-1,Nakashima,-2.4150000000000005,-16.09,-1.2350000000000003,-16.09,-0.3050000000000006,7.079999999999998,-1.2350000000000003,-16.09,-0.3050000000000006,7.079999999999998,7
288,288,49,35326.0,3.98,-0.56,3.51,-0.56,9.4,25.79,Nakashima,Hit,Back,Cross,Nakashima,Nishioka,3-1,Nakashima,-1.5050000000000003,-12.450000000000001,-1.9750000000000005,-12.450000000000001,3.915,13.899999999999999,-1.9750000000000005,-12.450000000000001,3.915,13.899999999999999,3
292,292,49,35429.0,4.29,0.35,5.88,0.35,4.91,27.14,Nakashima,Hit,Fore,Cross,Nakashima,Nishioka,3-1,Nakashima,-1.1950000000000003,-11.540000000000001,0.3949999999999996,-11.540000000000001,-0.5750000000000002,15.25,0.3949999999999996,-11.540000000000001,-0.5750000000000002,15.25,7
299,299,51,36465.0,0.76,-1.29,2.03,-1.29,5.46,24.4,Nakashima,Hit,Fore,Cross,Nakashima,Nishioka,3-1,Nishioka,-4.7250000000000005,-13.18,-3.4550000000000005,-13.18,-0.025000000000000355,12.509999999999998,-3.4550000000000005,-13.18,-0.025000000000000355,12.509999999999998,3
304,304,52,37188.0,4.68,1.5,5.8,1.5,6.87,26.59,Nakashima,Hit,Fore,Cross,Nakashima,Nishioka,3-1,Nakashima,-0.8050000000000006,-10.39,0.3149999999999995,-10.39,1.3849999999999998,14.7,0.3149999999999995,-10.39,1.3849999999999998,14.7,3
308,308,52,37262.0,1.49,7.41,2.86,7.41,8.7,25.33,Nakashima,Hit,Fore,Cross,Nakashima,Nishioka,3-1,Nakashima,-3.995,-4.48,-2.6250000000000004,-4.48,3.214999999999999,13.439999999999998,-2.6250000000000004,-4.48,3.214999999999999,13.439999999999998,7
313,313,53,38122.0,10.44,4.22,9.29,4.22,5.13,25.53,Nakashima,Hit,Back,Cross,Nakashima,Nishioka,3-1,Nishioka,4.954999999999999,-7.670000000000001,3.804999999999999,-7.670000000000001,-0.3550000000000004,13.64,3.804999999999999,-7.670000000000001,-0.3550000000000004,13.64,3
320,320,55,39459.0,9.69,-2.0,10.52,-2.0,4.61,26.74,Nakashima,Hit,Fore,Cross,Nakashima,Nishioka,3-1,Nishioka,4.204999999999999,-13.89,5.034999999999999,-13.89,-0.875,14.849999999999998,5.034999999999999,-13.89,-0.875,14.849999999999998,3
325,325,57,40526.0,4.5,-2.12,5.75,-2.12,5.41,26.72,Nakashima,Hit,Fore,Cross,Nakashima,Nishioka,3-1,Nishioka,-0.9850000000000003,-14.010000000000002,0.2649999999999997,-14.010000000000002,-0.07500000000000018,14.829999999999998,0.2649999999999997,-14.010000000000002,-0.07500000000000018,14.829999999999998,3
329,329,57,40604.0,5.62,-0.26,6.8,-0.26,7.61,26.74,Nakashima,Hit,Fore,Cross,Nakashima,Nishioka,3-1,Nishioka,0.1349999999999998,-12.15,1.3149999999999995,-12.15,2.125,14.849999999999998,1.3149999999999995,-12.15,2.125,14.849999999999998,7
333,333,57,40676.0,2.31,-1.44,3.76,-1.44,6.4,25.58,Nakashima,Hit,Fore,Cross,Nakashima,Nishioka,3-1,Nishioka,-3.1750000000000003,-13.33,-1.7250000000000005,-13.33,0.915,13.689999999999998,-1.7250000000000005,-13.33,0.915,13.689999999999998,11
337,337,57,40751.0,10.02,-3.32,9.19,-3.32,5.61,23.81,Nakashima,Hit,Back,Cross,Nakashima,Nishioka,3-1,Nishioka,4.534999999999999,-15.21,3.704999999999999,-15.21,0.125,11.919999999999998,3.704999999999999,-15.21,0.125,11.919999999999998,15
347,347,59,42394.0,3.15,-0.48,4.76,-0.48,8.04,25.51,Nakashima,Hit,Fore,Cross,Nakashima,Nishioka,3-1,Nakashima,-2.3350000000000004,-12.370000000000001,-0.7250000000000005,-12.370000000000001,2.554999999999999,13.620000000000001,-0.7250000000000005,-12.370000000000001,2.554999999999999,13.620000000000001,3
357,357,61,47278.0,8.99,21.76,6.51,6.57,7.91,21.76,Nakashima,Hit,Fore,Cross,Nishioka,Nakashima,4-1,Nishioka,3.505,9.870000000000001,1.0249999999999995,-5.32,2.425,9.870000000000001,2.425,9.870000000000001,1.0249999999999995,-5.32,5
361,361,61,47359.0,1.82,16.86,4.85,3.44,2.57,16.86,Nakashima,Hit,Back,Cross,Nishioka,Nakashima,4-1,Nishioka,-3.665,4.969999999999999,-0.6350000000000007,-8.450000000000001,-2.9150000000000005,4.969999999999999,-2.9150000000000005,4.969999999999999,-0.6350000000000007,-8.450000000000001,9
374,374,64,48989.0,9.48,24.81,5.87,3.48,7.37,24.81,Nakashima,Hit,Fore,Cross,Nishioka,Nakashima,4-1,Nishioka,3.995,12.919999999999998,0.3849999999999998,-8.41,1.8849999999999998,12.919999999999998,1.8849999999999998,12.919999999999998,0.3849999999999998,-8.41,5
383,383,65,49657.0,1.14,24.89,6.25,-2.44,2.34,24.89,Nakashima,Hit,Back,Cross,Nishioka,Nakashima,4-1,Nishioka,-4.345000000000001,13.0,0.7649999999999997,-14.33,-3.1450000000000005,13.0,-3.1450000000000005,13.0,0.7649999999999997,-14.33,5
387,387,65,49740.0,8.0,24.43,9.63,-3.4,6.56,24.43,Nakashima,Hit,Fore,Cross,Nishioka,Nakashima,4-1,Nishioka,2.5149999999999997,12.54,4.1450000000000005,-15.290000000000001,1.0749999999999993,12.54,1.0749999999999993,12.54,4.1450000000000005,-15.290000000000001,9
391,391,65,49872.0,6.81,22.75,5.05,-3.13,5.49,22.75,Nakashima,Hit,Fore,Cross,Nishioka,Nakashima,4-1,Nishioka,1.3249999999999993,10.86,-0.4350000000000005,-15.02,0.004999999999999893,10.86,0.004999999999999893,10.86,-0.4350000000000005,-15.02,13
395,395,65,49952.0,3.44,22.23,3.6,-3.09,4.57,22.23,Nakashima,Hit,Back,Cross,Nishioka,Nakashima,4-1,Nishioka,-2.0450000000000004,10.34,-1.8850000000000002,-14.98,-0.915,10.34,-0.915,10.34,-1.8850000000000002,-14.98,17
400,400,66,50994.0,10.16,24.01,2.67,-1.94,8.48,24.01,Nakashima,Hit,Fore,Cross,Nakashima,Nishioka,4-2,Nishioka,4.675,12.120000000000001,-2.8150000000000004,-13.83,2.995,12.120000000000001,2.995,12.120000000000001,-2.8150000000000004,-13.83,3
405,405,67,51688.0,5.62,23.14,6.36,-3.11,4.48,23.14,Nakashima,Hit,Fore,Cross,Nakashima,Nishioka,4-2,Nakashima,0.1349999999999998,11.25,0.875,-15.0,-1.005,11.25,-1.005,11.25,0.875,-15.0,3
411,411,69,52699.0,6.84,23.53,0.33,-0.73,5.41,23.53,Nakashima,Hit,Fore,Cross,Nakashima,Nishioka,4-2,Nakashima,1.3549999999999995,11.64,-5.155,-12.620000000000001,-0.07500000000000018,11.64,-0.07500000000000018,11.64,-5.155,-12.620000000000001,3
417,417,70,53402.0,4.5,21.56,7.04,-3.04,3.53,21.56,Nakashima,Hit,Fore,Cross,Nakashima,Nishioka,4-2,Nakashima,-0.9850000000000003,9.669999999999998,1.5549999999999997,-14.93,-1.9550000000000005,9.669999999999998,-1.9550000000000005,9.669999999999998,1.5549999999999997,-14.93,3
421,421,70,53458.0,5.31,17.11,1.67,-5.05,4.79,17.11,Nakashima,Hit,Fore,Cross,Nakashima,Nishioka,4-2,Nakashima,-0.1750000000000007,5.219999999999999,-3.8150000000000004,-16.94,-0.6950000000000003,5.219999999999999,-0.6950000000000003,5.219999999999999,-3.8150000000000004,-16.94,7
428,428,71,54307.0,8.74,22.69,3.97,-2.79,7.71,22.69,Nakashima,Hit,Fore,Cross,Nakashima,Nishioka,4-2,Nishioka,3.255,10.8,-1.5150000000000001,-14.68,2.2249999999999996,10.8,2.2249999999999996,10.8,-1.5150000000000001,-14.68,3
432,432,71,54393.0,6.09,22.81,4.15,-3.11,4.86,22.81,Nakashima,Hit,Fore,Cross,Nakashima,Nishioka,4-2,Nishioka,0.6049999999999995,10.919999999999998,-1.335,-15.0,-0.625,10.919999999999998,-0.625,10.919999999999998,-1.335,-15.0,7
437,437,73,55918.0,1.86,23.27,7.81,-2.74,3.11,23.27,Nakashima,Hit,Back,Cross,Nakashima,Nishioka,4-2,Nishioka,-3.625,11.379999999999999,2.3249999999999993,-14.63,-2.3750000000000004,11.379999999999999,-2.3750000000000004,11.379999999999999,2.3249999999999993,-14.63,3
441,441,73,56010.0,2.33,25.15,6.3,-1.88,3.5,25.15,Nakashima,Hit,Back,Cross,Nakashima,Nishioka,4-2,Nishioka,-3.1550000000000002,13.259999999999998,0.8149999999999995,-13.77,-1.9850000000000003,13.259999999999998,-1.9850000000000003,13.259999999999998,0.8149999999999995,-13.77,7
446,446,75,58682.0,13.24,23.46,3.6,-2.64,11.15,23.46,Nakashima,Hit,Fore,Cross,Nakashima,Nishioka,4-2,Nishioka,7.755,11.57,-1.8850000000000002,-14.530000000000001,5.665,11.57,5.665,11.57,-1.8850000000000002,-14.530000000000001,3
453,453,77,59869.0,9.18,21.55,3.13,-3.7,7.74,21.55,Nakashima,Hit,Fore,Cross,Nakashima,Nishioka,4-2,Nakashima,3.6949999999999994,9.66,-2.3550000000000004,-15.59,2.255,9.66,2.255,9.66,-2.3550000000000004,-15.59,3
462,462,79,66857.0,8.64,-2.11,7.84,-2.11,5.87,20.92,Nakashima,Hit,Back,Cross,Nishioka,Nakashima,5-2,Nakashima,3.1550000000000002,-14.0,2.3549999999999995,-14.0,0.3849999999999998,9.030000000000001,2.3549999999999995,-14.0,0.3849999999999998,9.030000000000001,5
477,477,83,68533.0,6.87,-2.14,6.44,-2.14,5.46,25.58,Nakashima,Hit,Back,Cross,Nishioka,Nakashima,5-2,Nishioka,1.3849999999999998,-14.030000000000001,0.9550000000000001,-14.030000000000001,-0.025000000000000355,13.689999999999998,0.9550000000000001,-14.030000000000001,-0.025000000000000355,13.689999999999998,5
481,481,83,68609.0,3.9,-1.76,4.91,-1.76,6.86,25.75,Nakashima,Hit,Fore,Cross,Nishioka,Nakashima,5-2,Nishioka,-1.5850000000000004,-13.65,-0.5750000000000002,-13.65,1.375,13.86,-0.5750000000000002,-13.65,1.375,13.86,9
485,485,83,68682.0,1.61,-1.76,2.57,-1.76,-18.63,-37.87,Nakashima,Hit,Fore,Cross,Nishioka,Nakashima,5-2,Nishioka,-3.875,-13.65,-2.9150000000000005,-13.65,-24.115,-49.76,-2.9150000000000005,-13.65,-24.115,-49.76,13
491,491,85,69486.0,2.85,-0.34,4.18,-0.34,7.17,25.81,Nakashima,Hit,Fore,Cross,Nishioka,Nakashima,5-2,Nishioka,-2.6350000000000002,-12.23,-1.3050000000000006,-12.23,1.6849999999999996,13.919999999999998,-1.3050000000000006,-12.23,1.6849999999999996,13.919999999999998,5
498,498,86,70092.0,8.8,-0.31,8.09,-0.31,6.77,16.88,Nakashima,Hit,Back,Cross,Nishioka,Nakashima,5-2,Nishioka,3.3150000000000004,-12.200000000000001,2.6049999999999995,-12.200000000000001,1.2849999999999993,4.989999999999998,2.6049999999999995,-12.200000000000001,1.2849999999999993,4.989999999999998,5
502,502,88,71237.0,10.62,3.16,9.14,3.16,4.75,25.48,Nakashima,Hit,Back,Cross,Nakashima,Nishioka,5-3,Nakashima,5.134999999999999,-8.73,3.6550000000000002,-8.73,-0.7350000000000003,13.59,3.6550000000000002,-8.73,-0.7350000000000003,13.59,3
508,508,90,72191.0,7.71,-0.84,6.89,-0.84,5.04,26.07,Nakashima,Hit,Back,Cross,Nakashima,Nishioka,5-3,Nishioka,2.2249999999999996,-12.73,1.4049999999999994,-12.73,-0.4450000000000003,14.18,1.4049999999999994,-12.73,-0.4450000000000003,14.18,3
512,512,91,73005.0,8.86,6.58,7.6,6.58,7.61,25.35,Nakashima,Hit,Back,Cross,Nakashima,Nishioka,5-3,Nakashima,3.374999999999999,-5.3100000000000005,2.1149999999999993,-5.3100000000000005,2.125,13.46,2.1149999999999993,-5.3100000000000005,2.125,13.46,3
521,521,95,75105.0,4.96,-0.49,5.91,-0.49,7.9,26.87,Nakashima,Hit,Fore,Cross,Nakashima,Nishioka,5-3,Nakashima,-0.5250000000000004,-12.38,0.4249999999999998,-12.38,2.415,14.98,0.4249999999999998,-12.38,2.415,14.98,3
525,525,95,75186.0,2.64,-0.74,4.1,-0.74,6.89,26.31,Nakashima,Hit,Fore,Cross,Nakashima,Nishioka,5-3,Nakashima,-2.845,-12.63,-1.3850000000000007,-12.63,1.4049999999999994,14.419999999999998,-1.3850000000000007,-12.63,1.4049999999999994,14.419999999999998,7
529,529,95,75262.0,3.77,-2.6,5.26,-2.6,6.03,25.74,Nakashima,Hit,Fore,Cross,Nakashima,Nishioka,5-3,Nakashima,-1.7150000000000003,-14.49,-0.22500000000000053,-14.49,0.5449999999999999,13.849999999999998,-0.22500000000000053,-14.49,0.5449999999999999,13.849999999999998,11
533,533,95,75347.0,8.58,-1.87,7.22,-1.87,4.33,26.23,Nakashima,Hit,Back,Cross,Nakashima,Nishioka,5-3,Nakashima,3.0949999999999998,-13.760000000000002,1.7349999999999994,-13.760000000000002,-1.1550000000000002,14.34,1.7349999999999994,-13.760000000000002,-1.1550000000000002,14.34,15
537,537,95,75424.0,1.63,-1.24,2.95,-1.24,5.79,25.93,Nakashima,Hit,Fore,Cross,Nakashima,Nishioka,5-3,Nakashima,-3.8550000000000004,-13.13,-2.535,-13.13,0.3049999999999997,14.04,-2.535,-13.13,0.3049999999999997,14.04,19
541,541,95,75500.0,1.94,-2.84,3.26,-2.84,6.71,25.99,Nakashima,Hit,Fore,Cross,Nakashima,Nishioka,5-3,Nakashima,-3.5450000000000004,-14.73,-2.2250000000000005,-14.73,1.2249999999999996,14.099999999999998,-2.2250000000000005,-14.73,1.2249999999999996,14.099999999999998,23
545,545,95,75586.0,6.71,24.75,-15.92,-38.92,6.35,24.75,Nakashima,Hit,Fore,Cross,Nakashima,Nishioka,5-3,Nakashima,1.2249999999999996,12.86,-21.405,-50.81,0.8649999999999993,12.86,0.8649999999999993,12.86,-21.405,-50.81,27
549,549,95,75665.0,7.28,-0.71,6.35,-0.71,5.08,25.97,Nakashima,Hit,Back,Cross,Nakashima,Nishioka,5-3,Nakashima,1.795,-12.600000000000001,0.8649999999999993,-12.600000000000001,-0.40500000000000025,14.079999999999998,0.8649999999999993,-12.600000000000001,-0.40500000000000025,14.079999999999998,31
553,553,95,75742.0,2.87,-1.9,4.49,-1.9,5.67,26.38,Nakashima,Hit,Fore,Cross,Nakashima,Nishioka,5-3,Nakashima,-2.615,-13.790000000000001,-0.9950000000000001,-13.790000000000001,0.1849999999999996,14.489999999999998,-0.9950000000000001,-13.790000000000001,0.1849999999999996,14.489999999999998,35
557,557,95,75862.0,9.1,-0.64,9.33,-0.64,4.99,27.52,Nakashima,Hit,Fore,Cross,Nakashima,Nishioka,5-3,Nakashima,3.6149999999999993,-12.530000000000001,3.8449999999999998,-12.530000000000001,-0.4950000000000001,15.629999999999999,3.8449999999999998,-12.530000000000001,-0.4950000000000001,15.629999999999999,39
561,561,95,75955.0,8.07,-1.82,8.76,-1.82,3.55,26.57,Nakashima,Hit,Fore,Cross,Nakashima,Nishioka,5-3,Nakashima,2.585,-13.71,3.2749999999999995,-13.71,-1.9350000000000005,14.68,3.2749999999999995,-13.71,-1.9350000000000005,14.68,43
567,567,97,77299.0,5.9,-1.25,6.91,-1.25,5.65,26.48,Nakashima,Hit,Fore,Cross,Nakashima,Nishioka,5-3,Nishioka,0.41500000000000004,-13.14,1.4249999999999998,-13.14,0.16500000000000004,14.59,1.4249999999999998,-13.14,0.16500000000000004,14.59,3
571,571,97,77373.0,3.67,-1.14,4.26,-1.14,8.41,25.04,Nakashima,Hit,Fore,Cross,Nakashima,Nishioka,5-3,Nishioka,-1.8150000000000004,-13.030000000000001,-1.2250000000000005,-13.030000000000001,2.925,13.149999999999999,-1.2250000000000005,-13.030000000000001,2.925,13.149999999999999,7
575,575,97,77448.0,1.37,-2.49,2.7,-2.49,6.86,24.98,Nakashima,Hit,Fore,Cross,Nakashima,Nishioka,5-3,Nishioka,-4.115,-14.38,-2.785,-14.38,1.375,13.09,-2.785,-14.38,1.375,13.09,11
584,584,100,79159.0,9.19,1.36,7.8,1.36,3.19,26.65,Nakashima,Hit,Back,Cross,Nakashima,Nishioka,5-3,Nakashima,3.704999999999999,-10.530000000000001,2.3149999999999995,-10.530000000000001,-2.2950000000000004,14.759999999999998,2.3149999999999995,-10.530000000000001,-2.2950000000000004,14.759999999999998,3
588,588,100,79238.0,9.2,6.97,7.39,6.97,7.09,25.76,Nakashima,Hit,Back,Cross,Nakashima,Nishioka,5-3,Nakashima,3.714999999999999,-4.920000000000001,1.9049999999999994,-4.920000000000001,1.6049999999999995,13.870000000000001,1.9049999999999994,-4.920000000000001,1.6049999999999995,13.870000000000001,7
595,595,101,84377.0,6.36,25.57,5.11,-3.0,5.23,25.57,Nakashima,Hit,Fore,Cross,Nishioka,Nakashima,0-0,Nishioka,0.875,13.68,-0.375,-14.89,-0.2549999999999999,13.68,-0.2549999999999999,13.68,-0.375,-14.89,5
599,599,101,84470.0,4.92,23.22,4.13,-2.22,5.79,23.22,Nakashima,Hit,Back,Cross,Nishioka,Nakashima,0-0,Nishioka,-0.5650000000000004,11.329999999999998,-1.3550000000000004,-14.110000000000001,0.3049999999999997,11.329999999999998,0.3049999999999997,11.329999999999998,-1.3550000000000004,-14.110000000000001,9
603,603,101,84565.0,3.5,23.31,5.01,-2.17,4.41,23.31,Nakashima,Hit,Back,Cross,Nishioka,Nakashima,0-0,Nishioka,-1.9850000000000003,11.419999999999998,-0.47500000000000053,-14.06,-1.0750000000000002,11.419999999999998,-1.0750000000000002,11.419999999999998,-0.47500000000000053,-14.06,13
613,613,103,85641.0,1.6,25.03,6.37,-0.74,2.76,25.03,Nakashima,Hit,Back,Cross,Nishioka,Nakashima,0-0,Nishioka,-3.8850000000000002,13.14,0.8849999999999998,-12.63,-2.7250000000000005,13.14,-2.7250000000000005,13.14,0.8849999999999998,-12.63,5
624,624,106,87352.0,2.87,24.81,6.19,-2.48,3.85,24.81,Nakashima,Hit,Back,Cross,Nishioka,Nakashima,0-0,Nakashima,-2.615,12.919999999999998,0.7050000000000001,-14.370000000000001,-1.6350000000000002,12.919999999999998,-1.6350000000000002,12.919999999999998,0.7050000000000001,-14.370000000000001,5
628,628,106,87427.0,4.14,24.97,5.8,-3.03,4.95,24.97,Nakashima,Hit,Back,Cross,Nishioka,Nakashima,0-0,Nakashima,-1.3450000000000006,13.079999999999998,0.3149999999999995,-14.92,-0.5350000000000001,13.079999999999998,-0.5350000000000001,13.079999999999998,0.3149999999999995,-14.92,9
632,632,106,87512.0,8.63,24.41,4.6,-2.71,7.11,24.41,Nakashima,Hit,Fore,Cross,Nishioka,Nakashima,0-0,Nakashima,3.1450000000000005,12.52,-0.8850000000000007,-14.600000000000001,1.625,12.52,1.625,12.52,-0.8850000000000007,-14.600000000000001,13
636,636,106,87605.0,7.26,23.09,4.66,-2.3,5.89,23.09,Nakashima,Hit,Fore,Cross,Nishioka,Nakashima,0-0,Nakashima,1.7749999999999995,11.2,-0.8250000000000002,-14.190000000000001,0.40499999999999936,11.2,0.40499999999999936,11.2,-0.8250000000000002,-14.190000000000001,17
648,648,108,88815.0,5.65,22.93,6.21,-3.94,4.78,22.93,Nakashima,Hit,Fore,Cross,Nishioka,Nakashima,0-0,Nakashima,0.16500000000000004,11.04,0.7249999999999996,-15.83,-0.7050000000000001,11.04,-0.7050000000000001,11.04,0.7249999999999996,-15.83,5
652,652,108,88874.0,6.9,17.16,0.77,-5.43,6.02,17.16,Nakashima,Hit,Fore,Cross,Nishioka,Nakashima,0-0,Nakashima,1.415,5.27,-4.715,-17.32,0.5349999999999993,5.27,0.5349999999999993,5.27,-4.715,-17.32,9
656,656,108,88959.0,1.93,16.26,7.64,4.06,3.47,16.26,Nakashima,Hit,Back,Cross,Nishioka,Nakashima,0-0,Nakashima,-3.5550000000000006,4.370000000000001,2.1549999999999994,-7.830000000000001,-2.015,4.370000000000001,-2.015,4.370000000000001,2.1549999999999994,-7.830000000000001,13
671,671,113,92367.0,9.17,25.87,6.42,-1.59,7.92,25.87,Nakashima,Hit,Fore,Cross,Nishioka,Nakashima,0-0,Nishioka,3.6849999999999996,13.98,0.9349999999999996,-13.48,2.4349999999999996,13.98,2.4349999999999996,13.98,0.9349999999999996,-13.48,5
675,675,113,92453.0,8.72,26.59,5.19,-2.34,7.17,26.59,Nakashima,Hit,Fore,Cross,Nishioka,Nakashima,0-0,Nishioka,3.2350000000000003,14.7,-0.29499999999999993,-14.23,1.6849999999999996,14.7,1.6849999999999996,14.7,-0.29499999999999993,-14.23,9
681,681,114,93040.0,7.33,24.51,5.8,-1.88,6.27,24.51,Nakashima,Hit,Fore,Cross,Nishioka,Nakashima,0-0,Nishioka,1.8449999999999998,12.620000000000001,0.3149999999999995,-13.77,0.7849999999999993,12.620000000000001,0.7849999999999993,12.620000000000001,0.3149999999999995,-13.77,5
685,685,115,94571.0,9.48,-1.84,8.01,-1.84,5.67,25.72,Nakashima,Hit,Back,Cross,Nakashima,Nishioka,0-1,Nishioka,3.995,-13.73,2.5249999999999995,-13.73,0.1849999999999996,13.829999999999998,2.5249999999999995,-13.73,0.1849999999999996,13.829999999999998,3
689,689,115,94655.0,9.1,-1.58,7.79,-1.58,4.82,26.34,Nakashima,Hit,Back,Cross,Nakashima,Nishioka,0-1,Nishioka,3.6149999999999993,-13.47,2.3049999999999997,-13.47,-0.665,14.45,2.3049999999999997,-13.47,-0.665,14.45,7
693,693,115,94725.0,5.74,-1.39,5.13,-1.39,5.66,26.4,Nakashima,Hit,Back,Cross,Nakashima,Nishioka,0-1,Nishioka,0.2549999999999999,-13.280000000000001,-0.3550000000000004,-13.280000000000001,0.17499999999999982,14.509999999999998,-0.3550000000000004,-13.280000000000001,0.17499999999999982,14.509999999999998,11
697,697,115,94807.0,10.48,-3.13,8.99,-3.13,5.07,25.03,Nakashima,Hit,Back,Cross,Nakashima,Nishioka,0-1,Nishioka,4.995,-15.02,3.505,-15.02,-0.41500000000000004,13.14,3.505,-15.02,-0.41500000000000004,13.14,15
701,701,116,95419.0,6.08,0.43,6.92,0.43,4.47,27.36,Nakashima,Hit,Fore,Cross,Nakashima,Nishioka,0-1,Nakashima,0.5949999999999998,-11.46,1.4349999999999996,-11.46,-1.0150000000000006,15.469999999999999,1.4349999999999996,-11.46,-1.0150000000000006,15.469999999999999,3
707,707,117,96224.0,5.81,-0.99,5.01,-0.99,6.14,25.74,Nakashima,Hit,Back,Cross,Nakashima,Nishioka,0-1,Nakashima,0.3249999999999993,-12.88,-0.47500000000000053,-12.88,0.6549999999999994,13.849999999999998,-0.47500000000000053,-12.88,0.6549999999999994,13.849999999999998,3
713,713,118,97061.0,6.78,-2.43,7.12,-2.43,5.6,26.03,Nakashima,Hit,Fore,Cross,Nakashima,Nishioka,0-1,Nakashima,1.295,-14.32,1.6349999999999998,-14.32,0.11499999999999932,14.14,1.6349999999999998,-14.32,0.11499999999999932,14.14,3
717,717,118,97136.0,7.08,-0.99,7.82,-0.99,4.38,26.58,Nakashima,Hit,Fore,Cross,Nakashima,Nishioka,0-1,Nakashima,1.5949999999999998,-12.88,2.335,-12.88,-1.1050000000000004,14.689999999999998,2.335,-12.88,-1.1050000000000004,14.689999999999998,7
725,725,121,99212.0,2.31,-0.74,3.72,-0.74,5.83,26.29,Nakashima,Hit,Fore,Cross,Nishioka,Nakashima,1-1,Nakashima,-3.1750000000000003,-12.63,-1.7650000000000001,-12.63,0.34499999999999975,14.399999999999999,-1.7650000000000001,-12.63,0.34499999999999975,14.399999999999999,5
729,729,121,99288.0,1.9,-1.24,3.36,-1.24,7.26,25.99,Nakashima,Hit,Fore,Cross,Nishioka,Nakashima,1-1,Nakashima,-3.5850000000000004,-13.13,-2.1250000000000004,-13.13,1.7749999999999995,14.099999999999998,-2.1250000000000004,-13.13,1.7749999999999995,14.099999999999998,9
733,733,121,99366.0,6.24,-2.31,7.07,-2.31,2.63,27.51,Nakashima,Hit,Fore,Cross,Nishioka,Nakashima,1-1,Nakashima,0.7549999999999999,-14.200000000000001,1.585,-14.200000000000001,-2.8550000000000004,15.620000000000001,1.585,-14.200000000000001,-2.8550000000000004,15.620000000000001,13
746,746,124,101041.0,3.14,-2.19,4.59,-2.19,5.92,25.89,Nakashima,Hit,Fore,Cross,Nishioka,Nakashima,1-1,Nishioka,-2.345,-14.08,-0.8950000000000005,-14.08,0.4349999999999996,14.0,-0.8950000000000005,-14.08,0.4349999999999996,14.0,5
753,753,128,106180.0,11.87,21.87,3.88,-2.95,9.44,21.87,Nakashima,Hit,Fore,Cross,Nakashima,Nishioka,1-2,Nakashima,6.384999999999999,9.98,-1.6050000000000004,-14.84,3.954999999999999,9.98,3.954999999999999,9.98,-1.6050000000000004,-14.84,3
758,758,129,106789.0,2.86,24.36,6.31,-3.12,4.21,24.36,Nakashima,Hit,Back,Cross,Nakashima,Nishioka,1-2,Nishioka,-2.6250000000000004,12.469999999999999,0.8249999999999993,-15.010000000000002,-1.2750000000000004,12.469999999999999,-1.2750000000000004,12.469999999999999,0.8249999999999993,-15.010000000000002,3
762,762,129,106868.0,2.27,25.45,5.69,-1.77,3.34,25.45,Nakashima,Hit,Back,Cross,Nakashima,Nishioka,1-2,Nishioka,-3.2150000000000003,13.559999999999999,0.20500000000000007,-13.66,-2.1450000000000005,13.559999999999999,-2.1450000000000005,13.559999999999999,0.20500000000000007,-13.66,7
766,766,129,106948.0,1.57,23.86,6.76,-3.72,2.9,23.86,Nakashima,Hit,Back,Cross,Nakashima,Nishioka,1-2,Nishioka,-3.915,11.969999999999999,1.2749999999999995,-15.610000000000001,-2.5850000000000004,11.969999999999999,-2.5850000000000004,11.969999999999999,1.2749999999999995,-15.610000000000001,11
770,770,129,107034.0,8.72,19.93,6.92,-2.06,7.98,19.93,Nakashima,Hit,Fore,Cross,Nakashima,Nishioka,1-2,Nishioka,3.2350000000000003,8.04,1.4349999999999996,-13.950000000000001,2.495,8.04,2.495,8.04,1.4349999999999996,-13.950000000000001,15
774,774,130,107860.0,6.88,24.68,4.36,-3.57,5.59,24.68,Nakashima,Hit,Fore,Cross,Nakashima,Nishioka,1-2,Nishioka,1.3949999999999996,12.79,-1.125,-15.46,0.10499999999999954,12.79,0.10499999999999954,12.79,-1.125,-15.46,3
778,778,130,107943.0,6.63,26.05,7.34,-4.65,5.44,26.05,Nakashima,Hit,Fore,Cross,Nakashima,Nishioka,1-2,Nishioka,1.1449999999999996,14.16,1.8549999999999995,-16.54,-0.04499999999999993,14.16,-0.04499999999999993,14.16,1.8549999999999995,-16.54,7
782,782,130,108024.0,4.81,24.34,5.04,-2.44,5.97,24.34,Nakashima,Hit,Back,Cross,Nakashima,Nishioka,1-2,Nishioka,-0.6750000000000007,12.45,-0.4450000000000003,-14.33,0.48499999999999943,12.45,0.48499999999999943,12.45,-0.4450000000000003,-14.33,11
786,786,131,108821.0,4.16,17.19,5.95,-2.82,3.37,17.19,Nakashima,Hit,Fore,Cross,Nakashima,Nishioka,1-2,Nakashima,-1.3250000000000002,5.300000000000001,0.46499999999999986,-14.71,-2.115,5.300000000000001,-2.115,5.300000000000001,0.46499999999999986,-14.71,3
791,791,133,109871.0,6.73,24.74,3.23,-2.75,5.45,24.74,Nakashima,Hit,Fore,Cross,Nakashima,Nishioka,1-2,Nakashima,1.245,12.849999999999998,-2.2550000000000003,-14.64,-0.03500000000000014,12.849999999999998,-0.03500000000000014,12.849999999999998,-2.2550000000000003,-14.64,3
795,795,133,109960.0,1.17,24.97,7.93,-3.39,2.37,24.97,Nakashima,Hit,Back,Cross,Nakashima,Nishioka,1-2,Nakashima,-4.315,13.079999999999998,2.4449999999999994,-15.280000000000001,-3.115,13.079999999999998,-3.115,13.079999999999998,2.4449999999999994,-15.280000000000001,7
799,799,133,110057.0,-0.58,24.52,7.15,-3.93,1.22,24.52,Nakashima,Hit,Back,Cross,Nakashima,Nishioka,1-2,Nakashima,-6.065,12.629999999999999,1.665,-15.82,-4.265000000000001,12.629999999999999,-4.265000000000001,12.629999999999999,1.665,-15.82,11
805,805,134,110840.0,2.9,23.19,7.98,-3.69,2.37,23.19,Nakashima,Hit,Fore,Cross,Nakashima,Nishioka,1-2,Nakashima,-2.5850000000000004,11.3,2.495,-15.58,-3.115,11.3,-3.115,11.3,2.495,-15.58,3
812,812,135,111767.0,0.44,26.29,4.42,4.18,2.48,26.29,Nakashima,Hit,Back,Cross,Nishioka,Nakashima,2-2,Nishioka,-5.045,14.399999999999999,-1.0650000000000004,-7.710000000000001,-3.0050000000000003,14.399999999999999,-3.0050000000000003,14.399999999999999,-1.0650000000000004,-7.710000000000001,5
821,821,136,112449.0,2.03,22.81,6.46,-3.22,3.05,22.81,Nakashima,Hit,Back,Cross,Nishioka,Nakashima,2-2,Nakashima,-3.4550000000000005,10.919999999999998,0.9749999999999996,-15.110000000000001,-2.4350000000000005,10.919999999999998,-2.4350000000000005,10.919999999999998,0.9749999999999996,-15.110000000000001,5
843,843,142,118709.0,4.66,-0.36,5.87,-0.36,5.84,26.75,Nakashima,Hit,Fore,Cross,Nakashima,Nishioka,2-3,Nishioka,-0.8250000000000002,-12.25,0.3849999999999998,-12.25,0.35499999999999954,14.86,0.3849999999999998,-12.25,0.35499999999999954,14.86,3
847,847,142,118786.0,0.44,-1.76,1.84,-1.76,7.12,25.66,Nakashima,Hit,Fore,Cross,Nakashima,Nishioka,2-3,Nishioka,-5.045,-13.65,-3.6450000000000005,-13.65,1.6349999999999998,13.77,-3.6450000000000005,-13.65,1.6349999999999998,13.77,7
854,854,144,120135.0,5.8,2.01,6.67,2.01,4.99,27.53,Nakashima,Hit,Fore,Cross,Nakashima,Nishioka,2-3,Nakashima,0.3149999999999995,-9.88,1.1849999999999996,-9.88,-0.4950000000000001,15.64,1.1849999999999996,-9.88,-0.4950000000000001,15.64,3
858,858,144,120299.0,9.74,1.78,8.96,1.78,5.51,27.25,Nakashima,Hit,Back,Cross,Nakashima,Nishioka,2-3,Nakashima,4.255,-10.110000000000001,3.4750000000000005,-10.110000000000001,0.024999999999999467,15.36,3.4750000000000005,-10.110000000000001,0.024999999999999467,15.36,7
863,863,147,121856.0,8.27,1.33,6.82,1.33,2.94,26.69,Nakashima,Hit,Back,Cross,Nakashima,Nishioka,2-3,Nakashima,2.7849999999999993,-10.56,1.335,-10.56,-2.5450000000000004,14.8,1.335,-10.56,-2.5450000000000004,14.8,3
867,867,147,121943.0,9.19,3.85,8.53,3.85,5.73,27.32,Nakashima,Hit,Back,Cross,Nakashima,Nishioka,2-3,Nakashima,3.704999999999999,-8.040000000000001,3.044999999999999,-8.040000000000001,0.2450000000000001,15.43,3.044999999999999,-8.040000000000001,0.2450000000000001,15.43,7
871,871,147,122040.0,5.14,5.09,6.36,5.09,5.8,27.48,Nakashima,Hit,Fore,Cross,Nakashima,Nishioka,2-3,Nakashima,-0.34500000000000064,-6.800000000000001,0.875,-6.800000000000001,0.3149999999999995,15.59,0.875,-6.800000000000001,0.3149999999999995,15.59,11
878,878,148,122863.0,9.15,-2.1,7.81,-2.1,5.12,25.14,Nakashima,Hit,Back,Cross,Nishioka,Nakashima,3-3,Nishioka,3.665,-13.99,2.3249999999999993,-13.99,-0.3650000000000002,13.25,2.3249999999999993,-13.99,-0.3650000000000002,13.25,5
884,884,149,123536.0,11.34,-2.06,9.69,-2.06,5.42,23.17,Nakashima,Hit,Back,Cross,Nishioka,Nakashima,3-3,Nishioka,5.8549999999999995,-13.950000000000001,4.204999999999999,-13.950000000000001,-0.06500000000000039,11.280000000000001,4.204999999999999,-13.950000000000001,-0.06500000000000039,11.280000000000001,5
888,888,149,123626.0,1.75,-1.63,2.71,-1.63,5.97,25.63,Nakashima,Hit,Fore,Cross,Nishioka,Nakashima,3-3,Nishioka,-3.7350000000000003,-13.52,-2.7750000000000004,-13.52,0.48499999999999943,13.739999999999998,-2.7750000000000004,-13.52,0.48499999999999943,13.739999999999998,9
892,892,149,123725.0,5.04,0.48,4.06,0.48,6.36,25.82,Nakashima,Hit,Back,Cross,Nishioka,Nakashima,3-3,Nishioka,-0.4450000000000003,-11.41,-1.4250000000000007,-11.41,0.875,13.93,-1.4250000000000007,-11.41,0.875,13.93,13
898,898,150,124455.0,10.42,-1.13,9.04,-1.13,4.06,26.17,Nakashima,Hit,Back,Cross,Nishioka,Nakashima,3-3,Nishioka,4.935,-13.02,3.554999999999999,-13.02,-1.4250000000000007,14.280000000000001,3.554999999999999,-13.02,-1.4250000000000007,14.280000000000001,5
904,904,151,125000.0,2.59,-3.56,3.85,-3.56,4.91,24.48,Nakashima,Hit,Fore,Cross,Nishioka,Nakashima,3-3,Nakashima,-2.8950000000000005,-15.450000000000001,-1.6350000000000002,-15.450000000000001,-0.5750000000000002,12.59,-1.6350000000000002,-15.450000000000001,-0.5750000000000002,12.59,5
912,912,152,125631.0,6.09,-2.4,7.03,-2.4,5.15,26.87,Nakashima,Hit,Fore,Cross,Nishioka,Nakashima,3-3,Nakashima,0.6049999999999995,-14.290000000000001,1.545,-14.290000000000001,-0.33499999999999996,14.98,1.545,-14.290000000000001,-0.33499999999999996,14.98,5
916,916,152,125709.0,7.68,-2.4,8.48,-2.4,4.63,26.8,Nakashima,Hit,Fore,Cross,Nishioka,Nakashima,3-3,Nakashima,2.1949999999999994,-14.290000000000001,2.995,-14.290000000000001,-0.8550000000000004,14.91,2.995,-14.290000000000001,-0.8550000000000004,14.91,9
920,920,152,125790.0,5.27,-1.5,6.19,-1.5,4.86,26.96,Nakashima,Hit,Fore,Cross,Nishioka,Nakashima,3-3,Nakashima,-0.21500000000000075,-13.39,0.7050000000000001,-13.39,-0.625,15.07,0.7050000000000001,-13.39,-0.625,15.07,13
924,924,152,125866.0,3.6,-1.89,5.08,-1.89,7.84,26.21,Nakashima,Hit,Fore,Cross,Nishioka,Nakashima,3-3,Nakashima,-1.8850000000000002,-13.780000000000001,-0.40500000000000025,-13.780000000000001,2.3549999999999995,14.32,-0.40500000000000025,-13.780000000000001,2.3549999999999995,14.32,17
928,928,152,125952.0,10.26,-2.61,8.84,-2.61,2.12,27.2,Nakashima,Hit,Back,Cross,Nishioka,Nakashima,3-3,Nakashima,4.7749999999999995,-14.5,3.3549999999999995,-14.5,-3.365,15.309999999999999,3.3549999999999995,-14.5,-3.365,15.309999999999999,21
932,932,152,126030.0,5.14,-1.61,6.03,-1.61,5.77,27.03,Nakashima,Hit,Fore,Cross,Nishioka,Nakashima,3-3,Nakashima,-0.34500000000000064,-13.5,0.5449999999999999,-13.5,0.28499999999999925,15.14,0.5449999999999999,-13.5,0.28499999999999925,15.14,25
936,936,152,126108.0,2.64,-2.03,4.03,-2.03,7.25,26.37,Nakashima,Hit,Fore,Cross,Nishioka,Nakashima,3-3,Nakashima,-2.845,-13.92,-1.455,-13.92,1.7649999999999997,14.48,-1.455,-13.92,1.7649999999999997,14.48,29
940,940,152,126197.0,6.05,1.34,6.96,1.34,4.88,27.52,Nakashima,Hit,Fore,Cross,Nishioka,Nakashima,3-3,Nakashima,0.5649999999999995,-10.55,1.4749999999999996,-10.55,-0.6050000000000004,15.629999999999999,1.4749999999999996,-10.55,-0.6050000000000004,15.629999999999999,33
947,947,154,127344.0,3.12,-2.3,3.76,-2.3,5.8,25.17,Nakashima,Hit,Fore,Cross,Nishioka,Nakashima,3-3,Nishioka,-2.365,-14.190000000000001,-1.7250000000000005,-14.190000000000001,0.3149999999999995,13.280000000000001,-1.7250000000000005,-14.190000000000001,0.3149999999999995,13.280000000000001,5
951,951,154,127426.0,8.3,-2.38,7.49,-2.38,5.66,23.97,Nakashima,Hit,Back,Cross,Nishioka,Nakashima,3-3,Nishioka,2.8150000000000004,-14.27,2.005,-14.27,0.17499999999999982,12.079999999999998,2.005,-14.27,0.17499999999999982,12.079999999999998,9
955,955,154,127517.0,0.18,-2.3,1.77,-2.3,7.01,25.23,Nakashima,Hit,Fore,Cross,Nishioka,Nakashima,3-3,Nishioka,-5.305000000000001,-14.190000000000001,-3.7150000000000003,-14.190000000000001,1.5249999999999995,13.34,-3.7150000000000003,-14.190000000000001,1.5249999999999995,13.34,13
959,959,156,131491.0,5.91,25.34,2.47,-2.16,6.49,25.34,Nakashima,Hit,Back,Cross,Nakashima,Nishioka,3-4,Nakashima,0.4249999999999998,13.45,-3.015,-14.05,1.005,13.45,1.005,13.45,-3.015,-14.05,3
963,963,156,131577.0,2.02,25.0,6.49,-2.38,3.28,25.0,Nakashima,Hit,Back,Cross,Nakashima,Nishioka,3-4,Nakashima,-3.4650000000000003,13.11,1.005,-14.27,-2.2050000000000005,13.11,-2.2050000000000005,13.11,1.005,-14.27,7
967,967,156,131657.0,1.75,23.51,7.02,-2.28,3.07,23.51,Nakashima,Hit,Back,Cross,Nakashima,Nishioka,3-4,Nakashima,-3.7350000000000003,11.620000000000001,1.5349999999999993,-14.17,-2.4150000000000005,11.620000000000001,-2.4150000000000005,11.620000000000001,1.5349999999999993,-14.17,11
972,972,158,132592.0,-0.15,24.82,6.77,-3.9,1.31,24.82,Nakashima,Hit,Back,Cross,Nakashima,Nishioka,3-4,Nishioka,-5.635000000000001,12.93,1.2849999999999993,-15.790000000000001,-4.175000000000001,12.93,-4.175000000000001,12.93,1.2849999999999993,-15.790000000000001,3
976,976,158,132663.0,7.82,26.03,5.85,-1.6,6.6,26.03,Nakashima,Hit,Fore,Cross,Nakashima,Nishioka,3-4,Nishioka,2.335,14.14,0.3649999999999993,-13.49,1.1149999999999993,14.14,1.1149999999999993,14.14,0.3649999999999993,-13.49,7
980,980,160,133811.0,5.94,25.46,5.29,-2.6,4.97,25.46,Nakashima,Hit,Fore,Cross,Nakashima,Nishioka,3-4,Nakashima,0.45500000000000007,13.57,-0.19500000000000028,-14.49,-0.5150000000000006,13.57,-0.5150000000000006,13.57,-0.19500000000000028,-14.49,3
984,984,160,133894.0,2.17,25.66,6.24,-2.73,3.28,25.66,Nakashima,Hit,Back,Cross,Nakashima,Nishioka,3-4,Nakashima,-3.3150000000000004,13.77,0.7549999999999999,-14.620000000000001,-2.2050000000000005,13.77,-2.2050000000000005,13.77,0.7549999999999999,-14.620000000000001,7
988,988,160,133970.0,9.36,25.81,5.0,-2.66,7.63,25.81,Nakashima,Hit,Fore,Cross,Nakashima,Nishioka,3-4,Nakashima,3.874999999999999,13.919999999999998,-0.4850000000000003,-14.55,2.1449999999999996,13.919999999999998,2.1449999999999996,13.919999999999998,-0.4850000000000003,-14.55,11
992,992,160,134075.0,11.8,19.97,3.62,-2.24,10.36,19.97,Nakashima,Hit,Fore,Cross,Nakashima,Nishioka,3-4,Nakashima,6.315,8.079999999999998,-1.8650000000000002,-14.13,4.874999999999999,8.079999999999998,4.874999999999999,8.079999999999998,-1.8650000000000002,-14.13,15
997,997,161,134910.0,2.04,20.33,7.11,-2.64,3.22,20.33,Nakashima,Hit,Back,Cross,Nakashima,Nishioka,3-4,Nakashima,-3.4450000000000003,8.439999999999998,1.625,-14.530000000000001,-2.265,8.439999999999998,-2.265,8.439999999999998,1.625,-14.530000000000001,3
1001,1001,161,134961.0,3.2,15.39,5.55,-2.15,4.77,15.39,Nakashima,Hit,Back,Cross,Nakashima,Nishioka,3-4,Nakashima,-2.285,3.5,0.0649999999999995,-14.040000000000001,-0.7150000000000007,3.5,-0.7150000000000007,3.5,0.0649999999999995,-14.040000000000001,7
1007,1007,163,136478.0,9.42,24.03,2.36,-2.65,8.05,24.03,Nakashima,Hit,Fore,Cross,Nakashima,Nishioka,3-4,Nishioka,3.9349999999999996,12.14,-3.1250000000000004,-14.540000000000001,2.5650000000000004,12.14,2.5650000000000004,12.14,-3.1250000000000004,-14.540000000000001,3
1011,1011,163,136548.0,9.11,24.87,4.45,-2.98,7.7,24.87,Nakashima,Hit,Fore,Cross,Nakashima,Nishioka,3-4,Nishioka,3.624999999999999,12.98,-1.0350000000000001,-14.870000000000001,2.215,12.98,2.215,12.98,-1.0350000000000001,-14.870000000000001,7
1015,1015,163,136624.0,1.76,25.6,5.64,-0.86,3.18,25.6,Nakashima,Hit,Back,Cross,Nakashima,Nishioka,3-4,Nishioka,-3.7250000000000005,13.71,0.15499999999999936,-12.75,-2.305,13.71,-2.305,13.71,0.15499999999999936,-12.75,11
1019,1019,163,136700.0,0.79,25.29,6.97,-1.14,2.31,25.29,Nakashima,Hit,Back,Cross,Nakashima,Nishioka,3-4,Nishioka,-4.695,13.399999999999999,1.4849999999999994,-13.030000000000001,-3.1750000000000003,13.399999999999999,-3.1750000000000003,13.399999999999999,1.4849999999999994,-13.030000000000001,15
1023,1023,163,136778.0,9.29,26.05,7.35,-1.85,7.13,26.05,Nakashima,Hit,Fore,Cross,Nakashima,Nishioka,3-4,Nishioka,3.804999999999999,14.16,1.8649999999999993,-13.74,1.6449999999999996,14.16,1.6449999999999996,14.16,1.8649999999999993,-13.74,19
1030,1030,164,137928.0,1.31,23.23,7.17,-3.64,2.81,23.23,Nakashima,Hit,Back,Cross,Nakashima,Nishioka,3-4,Nishioka,-4.175000000000001,11.34,1.6849999999999996,-15.530000000000001,-2.6750000000000003,11.34,-2.6750000000000003,11.34,1.6849999999999996,-15.530000000000001,3
1036,1036,167,139704.0,4.52,24.53,9.76,-4.0,3.61,24.53,Nakashima,Hit,Fore,Cross,Nakashima,Nishioka,3-4,Nishioka,-0.9650000000000007,12.64,4.2749999999999995,-15.89,-1.8750000000000004,12.64,-1.8750000000000004,12.64,4.2749999999999995,-15.89,3
1040,1040,167,139791.0,3.58,25.47,6.17,-1.1,4.44,25.47,Nakashima,Hit,Back,Cross,Nakashima,Nishioka,3-4,Nishioka,-1.9050000000000002,13.579999999999998,0.6849999999999996,-12.99,-1.045,13.579999999999998,-1.045,13.579999999999998,0.6849999999999996,-12.99,7
1044,1044,167,139862.0,3.19,24.73,5.85,-1.88,4.46,24.73,Nakashima,Hit,Back,Cross,Nakashima,Nishioka,3-4,Nishioka,-2.2950000000000004,12.84,0.3649999999999993,-13.77,-1.0250000000000004,12.84,-1.0250000000000004,12.84,0.3649999999999993,-13.77,11
1048,1048,167,139940.0,2.77,25.96,5.66,-1.12,4.02,25.96,Nakashima,Hit,Back,Cross,Nakashima,Nishioka,3-4,Nishioka,-2.7150000000000003,14.07,0.17499999999999982,-13.010000000000002,-1.4650000000000007,14.07,-1.4650000000000007,14.07,0.17499999999999982,-13.010000000000002,15
1064,1064,172,143226.0,6.09,25.18,5.18,-2.7,5.14,25.18,Nakashima,Hit,Fore,Cross,Nishioka,Nakashima,4-4,Nakashima,0.6049999999999995,13.29,-0.3050000000000006,-14.59,-0.34500000000000064,13.29,-0.34500000000000064,13.29,-0.3050000000000006,-14.59,5
1068,1068,172,143399.0,5.31,25.69,5.39,-4.27,4.5,25.69,Nakashima,Hit,Fore,Cross,Nishioka,Nakashima,4-4,Nakashima,-0.1750000000000007,13.8,-0.09500000000000064,-16.16,-0.9850000000000003,13.8,-0.9850000000000003,13.8,-0.09500000000000064,-16.16,9
1072,1072,172,143481.0,9.85,24.53,4.32,-3.36,8.53,24.53,Nakashima,Hit,Fore,Cross,Nishioka,Nakashima,4-4,Nakashima,4.364999999999999,12.64,-1.165,-15.25,3.044999999999999,12.64,3.044999999999999,12.64,-1.165,-15.25,13
1076,1076,172,143570.0,10.07,24.73,3.64,-3.05,8.45,24.73,Nakashima,Hit,Fore,Cross,Nishioka,Nakashima,4-4,Nakashima,4.585,12.84,-1.8450000000000002,-14.940000000000001,2.964999999999999,12.84,2.964999999999999,12.84,-1.8450000000000002,-14.940000000000001,17
1080,1080,172,143661.0,3.53,22.17,4.12,-2.72,4.54,22.17,Nakashima,Hit,Back,Cross,Nishioka,Nakashima,4-4,Nakashima,-1.9550000000000005,10.280000000000001,-1.3650000000000002,-14.610000000000001,-0.9450000000000003,10.280000000000001,-0.9450000000000003,10.280000000000001,-1.3650000000000002,-14.610000000000001,21
1084,1084,172,143721.0,3.43,18.0,3.54,-3.02,4.44,18.0,Nakashima,Hit,Back,Cross,Nishioka,Nakashima,4-4,Nakashima,-2.055,6.109999999999999,-1.9450000000000003,-14.91,-1.045,6.109999999999999,-1.045,6.109999999999999,-1.9450000000000003,-14.91,25
1088,1088,172,143826.0,1.85,-5.14,3.29,-5.14,2.97,14.44,Nakashima,Hit,Fore,Cross,Nishioka,Nakashima,4-4,Nakashima,-3.6350000000000002,-17.03,-2.1950000000000003,-17.03,-2.515,2.549999999999999,-2.1950000000000003,-17.03,-2.515,2.549999999999999,29
1095,1095,173,144624.0,0.99,27.44,5.48,-0.98,3.02,27.44,Nakashima,Hit,Back,Cross,Nishioka,Nakashima,4-4,Nishioka,-4.495,15.55,-0.004999999999999893,-12.870000000000001,-2.4650000000000003,15.55,-2.4650000000000003,15.55,-0.004999999999999893,-12.870000000000001,5
1104,1104,175,145753.0,8.22,25.02,4.1,-1.68,7.13,25.02,Nakashima,Hit,Fore,Cross,Nishioka,Nakashima,4-4,Nishioka,2.7350000000000003,13.129999999999999,-1.3850000000000007,-13.57,1.6449999999999996,13.129999999999999,1.6449999999999996,13.129999999999999,-1.3850000000000007,-13.57,5
1108,1108,175,145830.0,10.39,25.11,3.78,-2.31,9.08,25.11,Nakashima,Hit,Fore,Cross,Nishioka,Nakashima,4-4,Nishioka,4.905,13.219999999999999,-1.7050000000000005,-14.200000000000001,3.5949999999999998,13.219999999999999,3.5949999999999998,13.219999999999999,-1.7050000000000005,-14.200000000000001,9
1112,1112,175,145900.0,10.55,25.38,2.44,-1.33,8.78,25.38,Nakashima,Hit,Fore,Cross,Nishioka,Nakashima,4-4,Nishioka,5.065,13.489999999999998,-3.0450000000000004,-13.22,3.294999999999999,13.489999999999998,3.294999999999999,13.489999999999998,-3.0450000000000004,-13.22,13
1116,1116,175,145989.0,10.61,24.5,3.65,-2.38,9.15,24.5,Nakashima,Hit,Fore,Cross,Nishioka,Nakashima,4-4,Nishioka,5.124999999999999,12.61,-1.8350000000000004,-14.27,3.665,12.61,3.665,12.61,-1.8350000000000004,-14.27,17
1124,1124,180,151436.0,2.4,-2.2,3.81,-2.2,8.7,24.35,Nakashima,Hit,Fore,Cross,Nakashima,Nishioka,4-5,Nishioka,-3.0850000000000004,-14.09,-1.6750000000000003,-14.09,3.214999999999999,12.46,-1.6750000000000003,-14.09,3.214999999999999,12.46,3
1128,1128,180,151523.0,9.73,-2.35,8.21,-2.35,5.05,25.15,Nakashima,Hit,Back,Cross,Nakashima,Nishioka,4-5,Nishioka,4.245,-14.24,2.7250000000000005,-14.24,-0.4350000000000005,13.259999999999998,2.7250000000000005,-14.24,-0.4350000000000005,13.259999999999998,7
1135,1135,181,152660.0,8.76,-1.59,7.46,-1.59,4.73,25.83,Nakashima,Hit,Back,Cross,Nakashima,Nishioka,4-5,Nakashima,3.2749999999999995,-13.48,1.9749999999999996,-13.48,-0.7549999999999999,13.939999999999998,1.9749999999999996,-13.48,-0.7549999999999999,13.939999999999998,3
1139,1139,181,152757.0,6.07,-0.33,6.88,-0.33,5.52,27.44,Nakashima,Hit,Fore,Cross,Nakashima,Nishioka,4-5,Nakashima,0.585,-12.22,1.3949999999999996,-12.22,0.034999999999999254,15.55,1.3949999999999996,-12.22,0.034999999999999254,15.55,7
1143,1143,181,152844.0,5.4,-1.09,6.42,-1.09,7.99,27.32,Nakashima,Hit,Fore,Cross,Nakashima,Nishioka,4-5,Nakashima,-0.08499999999999996,-12.98,0.9349999999999996,-12.98,2.505,15.43,0.9349999999999996,-12.98,2.505,15.43,11
1152,1152,185,155190.0,4.98,-0.72,5.74,-0.72,8.77,25.61,Nakashima,Hit,Fore,Cross,Nakashima,Nishioka,4-5,Nakashima,-0.5049999999999999,-12.610000000000001,0.2549999999999999,-12.610000000000001,3.2849999999999993,13.719999999999999,0.2549999999999999,-12.610000000000001,3.2849999999999993,13.719999999999999,3
1156,1156,185,155293.0,9.06,0.66,7.98,0.66,5.07,26.08,Nakashima,Hit,Back,Cross,Nakashima,Nishioka,4-5,Nakashima,3.575,-11.23,2.495,-11.23,-0.41500000000000004,14.189999999999998,2.495,-11.23,-0.41500000000000004,14.189999999999998,7
1160,1160,185,155364.0,0.91,-0.44,2.31,-0.44,8.22,26.08,Nakashima,Hit,Fore,Cross,Nakashima,Nishioka,4-5,Nakashima,-4.575,-12.33,-3.1750000000000003,-12.33,2.7350000000000003,14.189999999999998,-3.1750000000000003,-12.33,2.7350000000000003,14.189999999999998,11
1169,1169,186,156392.0,10.7,-1.6,9.25,-1.6,5.0,25.45,Nakashima,Hit,Back,Cross,Nishioka,Nakashima,5-5,Nishioka,5.214999999999999,-13.49,3.7649999999999997,-13.49,-0.4850000000000003,13.559999999999999,3.7649999999999997,-13.49,-0.4850000000000003,13.559999999999999,5
1173,1173,186,156492.0,7.39,-0.81,8.17,-0.81,4.96,26.98,Nakashima,Hit,Fore,Cross,Nishioka,Nakashima,5-5,Nishioka,1.9049999999999994,-12.700000000000001,2.6849999999999996,-12.700000000000001,-0.5250000000000004,15.09,2.6849999999999996,-12.700000000000001,-0.5250000000000004,15.09,9
1177,1177,186,156568.0,1.49,0.24,2.66,0.24,6.45,26.07,Nakashima,Hit,Fore,Cross,Nishioka,Nakashima,5-5,Nishioka,-3.995,-11.65,-2.825,-11.65,0.9649999999999999,14.18,-2.825,-11.65,0.9649999999999999,14.18,13
1181,1181,186,156641.0,0.83,-0.24,2.38,-0.24,-15.95,-35.17,Nakashima,Hit,Fore,Cross,Nishioka,Nakashima,5-5,Nishioka,-4.655,-12.13,-3.1050000000000004,-12.13,-21.435,-47.06,-3.1050000000000004,-12.13,-21.435,-47.06,17
1185,1185,186,156742.0,-0.12,-3.91,2.16,-3.91,7.87,24.53,Nakashima,Hit,Fore,Cross,Nishioka,Nakashima,5-5,Nishioka,-5.605,-15.8,-3.325,-15.8,2.385,12.64,-3.325,-15.8,2.385,12.64,21
1189,1189,186,156822.0,0.38,-1.97,1.69,-1.97,7.5,24.28,Nakashima,Hit,Fore,Cross,Nishioka,Nakashima,5-5,Nishioka,-5.105,-13.860000000000001,-3.7950000000000004,-13.860000000000001,2.0149999999999997,12.39,-3.7950000000000004,-13.860000000000001,2.0149999999999997,12.39,25
1193,1193,186,156918.0,2.18,-1.66,3.69,-1.66,6.44,26.78,Nakashima,Hit,Fore,Cross,Nishioka,Nakashima,5-5,Nishioka,-3.305,-13.55,-1.7950000000000004,-13.55,0.9550000000000001,14.89,-1.7950000000000004,-13.55,0.9550000000000001,14.89,29
1197,1197,186,156999.0,7.89,1.32,6.89,1.32,4.63,26.78,Nakashima,Hit,Back,Cross,Nishioka,Nakashima,5-5,Nishioka,2.4049999999999994,-10.57,1.4049999999999994,-10.57,-0.8550000000000004,14.89,1.4049999999999994,-10.57,-0.8550000000000004,14.89,33
1203,1203,188,157908.0,5.43,-0.6,6.03,-0.6,5.29,26.13,Nakashima,Hit,Fore,Cross,Nishioka,Nakashima,5-5,Nakashima,-0.055000000000000604,-12.49,0.5449999999999999,-12.49,-0.19500000000000028,14.239999999999998,0.5449999999999999,-12.49,-0.19500000000000028,14.239999999999998,5
1212,1212,191,159968.0,2.56,-2.87,3.83,-2.87,6.1,26.15,Nakashima,Hit,Fore,Cross,Nishioka,Nakashima,5-5,Nishioka,-2.9250000000000003,-14.760000000000002,-1.6550000000000002,-14.760000000000002,0.6149999999999993,14.259999999999998,-1.6550000000000002,-14.760000000000002,0.6149999999999993,14.259999999999998,5
1216,1216,191,160043.0,2.38,-1.42,3.93,-1.42,7.91,25.34,Nakashima,Hit,Fore,Cross,Nishioka,Nakashima,5-5,Nishioka,-3.1050000000000004,-13.31,-1.5550000000000002,-13.31,2.425,13.45,-1.5550000000000002,-13.31,2.425,13.45,9
1220,1220,191,160117.0,9.63,-1.82,8.56,-1.82,4.11,25.12,Nakashima,Hit,Back,Cross,Nishioka,Nakashima,5-5,Nishioka,4.1450000000000005,-13.71,3.075,-13.71,-1.375,13.23,3.075,-13.71,-1.375,13.23,13
1224,1224,191,160200.0,10.93,-1.42,9.38,-1.42,4.55,25.94,Nakashima,Hit,Back,Cross,Nishioka,Nakashima,5-5,Nishioka,5.444999999999999,-13.31,3.8950000000000005,-13.31,-0.9350000000000005,14.05,3.8950000000000005,-13.31,-0.9350000000000005,14.05,17
1228,1228,191,160337.0,5.56,-2.4,6.38,-2.4,5.63,27.03,Nakashima,Hit,Fore,Cross,Nishioka,Nakashima,5-5,Nishioka,0.07499999999999929,-14.290000000000001,0.8949999999999996,-14.290000000000001,0.14499999999999957,15.14,0.8949999999999996,-14.290000000000001,0.14499999999999957,15.14,21
1233,1233,195,166521.0,5.59,25.22,3.53,-1.42,6.52,25.22,Nakashima,Hit,Back,Cross,Nakashima,Nishioka,5-6,Nishioka,0.10499999999999954,13.329999999999998,-1.9550000000000005,-13.31,1.0349999999999993,13.329999999999998,1.0349999999999993,13.329999999999998,-1.9550000000000005,-13.31,3
1237,1237,195,166600.0,1.01,26.15,6.22,-2.91,2.19,26.15,Nakashima,Hit,Back,Cross,Nakashima,Nishioka,5-6,Nishioka,-4.4750000000000005,14.259999999999998,0.7349999999999994,-14.8,-3.2950000000000004,14.259999999999998,-3.2950000000000004,14.259999999999998,0.7349999999999994,-14.8,7
1241,1241,195,166687.0,8.25,26.33,5.23,-3.52,6.57,26.33,Nakashima,Hit,Fore,Cross,Nakashima,Nishioka,5-6,Nishioka,2.7649999999999997,14.439999999999998,-0.2549999999999999,-15.41,1.085,14.439999999999998,1.085,14.439999999999998,-0.2549999999999999,-15.41,11
1245,1245,195,166763.0,10.23,24.54,3.75,-2.86,8.73,24.54,Nakashima,Hit,Fore,Cross,Nakashima,Nishioka,5-6,Nishioka,4.745,12.649999999999999,-1.7350000000000003,-14.75,3.245,12.649999999999999,3.245,12.649999999999999,-1.7350000000000003,-14.75,15
1249,1249,195,166843.0,8.32,25.94,4.41,-2.46,7.14,25.94,Nakashima,Hit,Fore,Cross,Nakashima,Nishioka,5-6,Nishioka,2.835,14.05,-1.0750000000000002,-14.350000000000001,1.6549999999999994,14.05,1.6549999999999994,14.05,-1.0750000000000002,-14.350000000000001,19
1253,1253,195,166921.0,8.71,26.17,5.17,-2.14,7.17,26.17,Nakashima,Hit,Fore,Cross,Nakashima,Nishioka,5-6,Nishioka,3.2250000000000005,14.280000000000001,-0.3150000000000004,-14.030000000000001,1.6849999999999996,14.280000000000001,1.6849999999999996,14.280000000000001,-0.3150000000000004,-14.030000000000001,23
1257,1257,195,167002.0,10.9,24.47,3.66,-1.92,9.65,24.47,Nakashima,Hit,Fore,Cross,Nakashima,Nishioka,5-6,Nishioka,5.415,12.579999999999998,-1.8250000000000002,-13.81,4.165,12.579999999999998,4.165,12.579999999999998,-1.8250000000000002,-13.81,27
1261,1261,195,167090.0,2.2,26.17,4.05,-1.23,3.41,26.17,Nakashima,Hit,Back,Cross,Nakashima,Nishioka,5-6,Nishioka,-3.285,14.280000000000001,-1.4350000000000005,-13.120000000000001,-2.075,14.280000000000001,-2.075,14.280000000000001,-1.4350000000000005,-13.120000000000001,31
1265,1265,195,167188.0,5.5,21.06,8.35,-3.9,4.48,21.06,Nakashima,Hit,Fore,Cross,Nakashima,Nishioka,5-6,Nishioka,0.01499999999999968,9.169999999999998,2.8649999999999993,-15.790000000000001,-1.005,9.169999999999998,-1.005,9.169999999999998,2.8649999999999993,-15.790000000000001,35
1269,1269,195,167260.0,8.7,15.69,0.52,-4.41,7.6,15.69,Nakashima,Hit,Fore,Cross,Nakashima,Nishioka,5-6,Nishioka,3.214999999999999,3.799999999999999,-4.965,-16.3,2.1149999999999993,3.799999999999999,2.1149999999999993,3.799999999999999,-4.965,-16.3,39
1276,1276,197,168550.0,-0.77,23.96,6.8,-3.62,1.03,23.96,Nakashima,Hit,Back,Cross,Nakashima,Nishioka,5-6,Nishioka,-6.255000000000001,12.07,1.3149999999999995,-15.510000000000002,-4.455,12.07,-4.455,12.07,1.3149999999999995,-15.510000000000002,3
1280,1280,197,168632.0,1.54,24.63,-20.68,-38.35,2.81,24.63,Nakashima,Hit,Back,Cross,Nakashima,Nishioka,5-6,Nishioka,-3.9450000000000003,12.739999999999998,-26.165,-50.24,-2.6750000000000003,12.739999999999998,-2.6750000000000003,12.739999999999998,-26.165,-50.24,7
1284,1284,198,169557.0,6.46,24.78,5.46,-4.03,5.26,24.78,Nakashima,Hit,Fore,Cross,Nakashima,Nishioka,5-6,Nakashima,0.9749999999999996,12.89,-0.025000000000000355,-15.920000000000002,-0.22500000000000053,12.89,-0.22500000000000053,12.89,-0.025000000000000355,-15.920000000000002,3
1288,1288,198,169642.0,4.57,22.14,2.85,-3.27,5.59,22.14,Nakashima,Hit,Back,Cross,Nakashima,Nishioka,5-6,Nakashima,-0.915,10.25,-2.6350000000000002,-15.16,0.10499999999999954,10.25,0.10499999999999954,10.25,-2.6350000000000002,-15.16,7
1293,1293,200,170750.0,9.61,25.28,5.03,-2.94,7.94,25.28,Nakashima,Hit,Fore,Cross,Nakashima,Nishioka,5-6,Nakashima,4.124999999999999,13.39,-0.45500000000000007,-14.83,2.455,13.39,2.455,13.39,-0.45500000000000007,-14.83,3
1299,1299,202,171779.0,4.57,23.44,3.26,-1.36,5.62,23.44,Nakashima,Hit,Back,Cross,Nakashima,Nishioka,5-6,Nishioka,-0.915,11.55,-2.2250000000000005,-13.25,0.1349999999999998,11.55,0.1349999999999998,11.55,-2.2250000000000005,-13.25,3
1304,1304,204,173169.0,10.01,22.3,2.88,-1.93,8.18,22.3,Nakashima,Hit,Fore,Cross,Nakashima,Nishioka,5-6,Nakashima,4.5249999999999995,10.41,-2.6050000000000004,-13.82,2.6949999999999994,10.41,2.6949999999999994,10.41,-2.6050000000000004,-13.82,3
1308,1308,204,173252.0,4.51,20.98,5.84,-1.74,5.48,20.98,Nakashima,Hit,Back,Cross,Nakashima,Nishioka,5-6,Nakashima,-0.9750000000000005,9.09,0.35499999999999954,-13.63,-0.004999999999999893,9.09,-0.004999999999999893,9.09,0.35499999999999954,-13.63,7
1312,1312,204,173307.0,8.29,17.13,10.69,-2.55,7.12,17.13,Nakashima,Hit,Fore,Cross,Nakashima,Nishioka,5-6,Nakashima,2.804999999999999,5.239999999999998,5.204999999999999,-14.440000000000001,1.6349999999999998,5.239999999999998,1.6349999999999998,5.239999999999998,5.204999999999999,-14.440000000000001,11
1320,1320,206,175059.0,2.43,26.27,5.4,-1.97,3.52,26.27,Nakashima,Hit,Back,Cross,Nishioka,Nakashima,6-6,Nishioka,-3.055,14.379999999999999,-0.08499999999999996,-13.860000000000001,-1.9650000000000003,14.379999999999999,-1.9650000000000003,14.379999999999999,-0.08499999999999996,-13.860000000000001,5
1324,1324,206,175147.0,-0.18,26.75,5.15,0.73,2.05,26.75,Nakashima,Hit,Back,Cross,Nishioka,Nakashima,6-6,Nishioka,-5.665,14.86,-0.33499999999999996,-11.16,-3.4350000000000005,14.86,-3.4350000000000005,14.86,-0.33499999999999996,-11.16,9
1331,1331,207,175998.0,5.88,23.74,7.99,-3.57,4.73,23.74,Nakashima,Hit,Fore,Cross,Nakashima,Nishioka,6-6,Nakashima,0.3949999999999996,11.849999999999998,2.505,-15.46,-0.7549999999999999,11.849999999999998,-0.7549999999999999,11.849999999999998,2.505,-15.46,3
1340,1340,209,177910.0,10.01,26.39,4.78,-1.02,8.75,26.39,Nakashima,Hit,Fore,Cross,Nishioka,Nakashima,6-6,Nishioka,4.5249999999999995,14.5,-0.7050000000000001,-12.91,3.2649999999999997,14.5,3.2649999999999997,14.5,-0.7050000000000001,-12.91,5
1349,1349,210,178600.0,-1.27,26.53,5.21,3.45,1.82,26.53,Nakashima,Hit,Back,Cross,Nishioka,Nakashima,6-6,Nishioka,-6.755000000000001,14.64,-0.27500000000000036,-8.440000000000001,-3.665,14.64,-3.665,14.64,-0.27500000000000036,-8.440000000000001,5
1353,1353,211,179478.0,7.64,24.39,7.14,-2.89,6.53,24.39,Nakashima,Hit,Fore,Cross,Nakashima,Nishioka,6-6,Nakashima,2.1549999999999994,12.5,1.6549999999999994,-14.780000000000001,1.045,12.5,1.045,12.5,1.6549999999999994,-14.780000000000001,3
1357,1357,211,179560.0,9.21,24.92,3.99,-2.67,7.75,24.92,Nakashima,Hit,Fore,Cross,Nakashima,Nishioka,6-6,Nakashima,3.7250000000000005,13.030000000000001,-1.495,-14.56,2.2649999999999997,13.030000000000001,2.2649999999999997,13.030000000000001,-1.495,-14.56,7
1361,1361,211,179637.0,9.43,24.91,3.62,-2.61,8.28,24.91,Nakashima,Hit,Fore,Cross,Nakashima,Nishioka,6-6,Nakashima,3.9449999999999994,13.02,-1.8650000000000002,-14.5,2.794999999999999,13.02,2.794999999999999,13.02,-1.8650000000000002,-14.5,11
1367,1367,213,181463.0,3.69,-1.75,4.88,-1.75,8.5,24.18,Nakashima,Hit,Fore,Cross,Nakashima,Nishioka,6-6,Nishioka,-1.7950000000000004,-13.64,-0.6050000000000004,-13.64,3.0149999999999997,12.29,-0.6050000000000004,-13.64,3.0149999999999997,12.29,3
1371,1371,213,181553.0,9.99,-1.81,8.62,-1.81,4.31,26.03,Nakashima,Hit,Back,Cross,Nakashima,Nishioka,6-6,Nishioka,4.505,-13.700000000000001,3.134999999999999,-13.700000000000001,-1.1750000000000007,14.14,3.134999999999999,-13.700000000000001,-1.1750000000000007,14.14,7
1375,1375,213,181635.0,8.55,-0.56,7.63,-0.56,3.6,25.58,Nakashima,Hit,Back,Cross,Nakashima,Nishioka,6-6,Nishioka,3.0650000000000004,-12.450000000000001,2.1449999999999996,-12.450000000000001,-1.8850000000000002,13.689999999999998,2.1449999999999996,-12.450000000000001,-1.8850000000000002,13.689999999999998,11
1379,1379,213,181711.0,2.86,-0.39,4.15,-0.39,6.1,26.49,Nakashima,Hit,Fore,Cross,Nakashima,Nishioka,6-6,Nishioka,-2.6250000000000004,-12.280000000000001,-1.335,-12.280000000000001,0.6149999999999993,14.599999999999998,-1.335,-12.280000000000001,0.6149999999999993,14.599999999999998,15
1383,1383,213,181789.0,4.03,-1.62,5.17,-1.62,7.62,25.92,Nakashima,Hit,Fore,Cross,Nakashima,Nishioka,6-6,Nishioka,-1.455,-13.510000000000002,-0.3150000000000004,-13.510000000000002,2.135,14.030000000000001,-0.3150000000000004,-13.510000000000002,2.135,14.030000000000001,19
1387,1387,213,181882.0,10.46,-0.33,9.08,-0.33,4.08,26.55,Nakashima,Hit,Back,Cross,Nakashima,Nishioka,6-6,Nishioka,4.9750000000000005,-12.22,3.5949999999999998,-12.22,-1.4050000000000002,14.66,3.5949999999999998,-12.22,-1.4050000000000002,14.66,23
1393,1393,215,183058.0,8.42,-0.15,7.52,-0.15,4.72,26.02,Nakashima,Hit,Back,Cross,Nishioka,Nakashima,6-6,Nishioka,2.9349999999999996,-12.040000000000001,2.0349999999999993,-12.040000000000001,-0.7650000000000006,14.129999999999999,2.0349999999999993,-12.040000000000001,-0.7650000000000006,14.129999999999999,5
1397,1397,215,183140.0,3.19,-2.58,4.4,-2.58,5.02,26.75,Nakashima,Hit,Fore,Cross,Nishioka,Nakashima,6-6,Nishioka,-2.2950000000000004,-14.47,-1.085,-14.47,-0.46500000000000075,14.86,-1.085,-14.47,-0.46500000000000075,14.86,9
1401,1401,215,183218.0,4.15,-1.0,5.38,-1.0,6.11,26.58,Nakashima,Hit,Fore,Cross,Nishioka,Nakashima,6-6,Nishioka,-1.335,-12.89,-0.10500000000000043,-12.89,0.625,14.689999999999998,-0.10500000000000043,-12.89,0.625,14.689999999999998,13
1405,1405,215,183303.0,3.68,-3.08,5.16,-3.08,5.72,27.02,Nakashima,Hit,Fore,Cross,Nishioka,Nakashima,6-6,Nishioka,-1.8050000000000002,-14.97,-0.3250000000000002,-14.97,0.23499999999999943,15.129999999999999,-0.3250000000000002,-14.97,0.23499999999999943,15.129999999999999,17
1409,1409,215,183403.0,4.79,5.93,6.32,5.93,6.71,25.5,Nakashima,Hit,Fore,Cross,Nishioka,Nakashima,6-6,Nishioka,-0.6950000000000003,-5.960000000000001,0.835,-5.960000000000001,1.2249999999999996,13.61,0.835,-5.960000000000001,1.2249999999999996,13.61,21
1413,1413,215,183462.0,6.09,6.33,6.91,6.33,8.01,25.05,Nakashima,Hit,Fore,Cross,Nishioka,Nakashima,6-6,Nishioka,0.6049999999999995,-5.5600000000000005,1.4249999999999998,-5.5600000000000005,2.5249999999999995,13.16,1.4249999999999998,-5.5600000000000005,2.5249999999999995,13.16,25
1417,1417,215,183537.0,0.7,3.32,2.55,3.32,1.66,23.75,Nakashima,Hit,Fore,Cross,Nishioka,Nakashima,6-6,Nishioka,-4.785,-8.57,-2.9350000000000005,-8.57,-3.825,11.86,-2.9350000000000005,-8.57,-3.825,11.86,29
1423,1423,216,184571.0,2.04,-1.87,3.46,-1.87,6.17,25.79,Nakashima,Hit,Fore,Cross,Nishioka,Nakashima,6-6,Nishioka,-3.4450000000000003,-13.760000000000002,-2.0250000000000004,-13.760000000000002,0.6849999999999996,13.899999999999999,-2.0250000000000004,-13.760000000000002,0.6849999999999996,13.899999999999999,5
1427,1427,216,184646.0,1.63,-0.73,2.96,-0.73,7.45,26.29,Nakashima,Hit,Fore,Cross,Nishioka,Nakashima,6-6,Nishioka,-3.8550000000000004,-12.620000000000001,-2.5250000000000004,-12.620000000000001,1.9649999999999999,14.399999999999999,-2.5250000000000004,-12.620000000000001,1.9649999999999999,14.399999999999999,9
1431,1431,216,184724.0,2.06,-0.89,3.51,-0.89,8.79,26.05,Nakashima,Hit,Fore,Cross,Nishioka,Nakashima,6-6,Nishioka,-3.4250000000000003,-12.780000000000001,-1.9750000000000005,-12.780000000000001,3.304999999999999,14.16,-1.9750000000000005,-12.780000000000001,3.304999999999999,14.16,13
1437,1437,220,187884.0,4.26,-0.65,3.76,-0.65,8.13,24.34,Nakashima,Hit,Back,Cross,Nakashima,Nishioka,6-6,Nakashima,-1.2250000000000005,-12.540000000000001,-1.7250000000000005,-12.540000000000001,2.6450000000000005,12.45,-1.7250000000000005,-12.540000000000001,2.6450000000000005,12.45,3
1441,1441,220,187963.0,7.87,-0.33,6.92,-0.33,4.94,26.31,Nakashima,Hit,Back,Cross,Nakashima,Nishioka,6-6,Nakashima,2.385,-12.22,1.4349999999999996,-12.22,-0.5449999999999999,14.419999999999998,1.4349999999999996,-12.22,-0.5449999999999999,14.419999999999998,7
1445,1445,220,188033.0,2.78,5.35,4.64,5.35,3.4,25.71,Nakashima,Hit,Fore,Cross,Nakashima,Nishioka,6-6,Nakashima,-2.7050000000000005,-6.540000000000001,-0.8450000000000006,-6.540000000000001,-2.0850000000000004,13.82,-0.8450000000000006,-6.540000000000001,-2.0850000000000004,13.82,11
1452,1452,222,189356.0,5.09,-0.98,6.12,-0.98,5.68,26.6,Nakashima,Hit,Fore,Cross,Nishioka,Nakashima,6-6,Nishioka,-0.39500000000000046,-12.870000000000001,0.6349999999999998,-12.870000000000001,0.1949999999999994,14.71,0.6349999999999998,-12.870000000000001,0.1949999999999994,14.71,5
1456,1456,222,189440.0,-1.0,-0.49,0.19,-0.49,7.37,24.94,Nakashima,Hit,Fore,Cross,Nishioka,Nakashima,6-6,Nishioka,-6.485,-12.38,-5.295,-12.38,1.8849999999999998,13.05,-5.295,-12.38,1.8849999999999998,13.05,9
1460,1460,223,195175.0,10.76,22.9,1.4,-1.13,9.35,22.9,Nakashima,Hit,Fore,Cross,Nakashima,Nishioka,0-0,Nishioka,5.2749999999999995,11.009999999999998,-4.085000000000001,-13.02,3.8649999999999993,11.009999999999998,3.8649999999999993,11.009999999999998,-4.085000000000001,-13.02,3
1464,1464,223,195245.0,3.16,25.29,5.43,-0.98,4.26,25.29,Nakashima,Hit,Back,Cross,Nakashima,Nishioka,0-0,Nishioka,-2.325,13.399999999999999,-0.055000000000000604,-12.870000000000001,-1.2250000000000005,13.399999999999999,-1.2250000000000005,13.399999999999999,-0.055000000000000604,-12.870000000000001,7
1468,1468,223,195325.0,9.86,26.21,5.36,-1.65,7.68,26.21,Nakashima,Hit,Fore,Cross,Nakashima,Nishioka,0-0,Nishioka,4.374999999999999,14.32,-0.125,-13.540000000000001,2.1949999999999994,14.32,2.1949999999999994,14.32,-0.125,-13.540000000000001,11
1472,1472,223,195418.0,12.01,24.37,3.39,-1.41,9.98,24.37,Nakashima,Hit,Fore,Cross,Nakashima,Nishioka,0-0,Nishioka,6.5249999999999995,12.48,-2.095,-13.3,4.495,12.48,4.495,12.48,-2.095,-13.3,15
1479,1479,224,196277.0,4.18,25.24,6.54,-3.07,3.31,25.24,Nakashima,Hit,Fore,Cross,Nakashima,Nishioka,0-0,Nishioka,-1.3050000000000006,13.349999999999998,1.0549999999999997,-14.96,-2.1750000000000003,13.349999999999998,-2.1750000000000003,13.349999999999998,1.0549999999999997,-14.96,3
1483,1483,225,197054.0,6.54,23.13,2.78,-1.99,7.33,23.13,Nakashima,Hit,Back,Cross,Nakashima,Nishioka,0-0,Nakashima,1.0549999999999997,11.239999999999998,-2.7050000000000005,-13.88,1.8449999999999998,11.239999999999998,1.8449999999999998,11.239999999999998,-2.7050000000000005,-13.88,3
1487,1487,225,197133.0,3.22,22.87,6.21,-3.87,4.16,22.87,Nakashima,Hit,Back,Cross,Nakashima,Nishioka,0-0,Nakashima,-2.265,10.98,0.7249999999999996,-15.760000000000002,-1.3250000000000002,10.98,-1.3250000000000002,10.98,0.7249999999999996,-15.760000000000002,7
1491,1491,225,197294.0,4.04,-4.73,7.24,-4.73,4.11,15.44,Nakashima,Hit,Fore,Cross,Nakashima,Nishioka,0-0,Nakashima,-1.4450000000000003,-16.62,1.755,-16.62,-1.375,3.549999999999999,1.755,-16.62,-1.375,3.549999999999999,11
1496,1496,226,198276.0,4.2,23.32,5.9,-2.61,5.08,23.32,Nakashima,Hit,Back,Cross,Nakashima,Nishioka,0-0,Nishioka,-1.2850000000000001,11.43,0.41500000000000004,-14.5,-0.40500000000000025,11.43,-0.40500000000000025,11.43,0.41500000000000004,-14.5,3
1500,1500,226,198359.0,1.62,24.42,6.59,-2.79,2.9,24.42,Nakashima,Hit,Back,Cross,Nakashima,Nishioka,0-0,Nishioka,-3.865,12.530000000000001,1.1049999999999995,-14.68,-2.5850000000000004,12.530000000000001,-2.5850000000000004,12.530000000000001,1.1049999999999995,-14.68,7
1504,1504,227,199206.0,8.22,23.88,4.78,-4.3,7.01,23.88,Nakashima,Hit,Fore,Cross,Nakashima,Nishioka,0-0,Nakashima,2.7350000000000003,11.989999999999998,-0.7050000000000001,-16.19,1.5249999999999995,11.989999999999998,1.5249999999999995,11.989999999999998,-0.7050000000000001,-16.19,3
1510,1510,229,200320.0,4.87,23.68,5.59,-4.13,3.95,23.68,Nakashima,Hit,Fore,Cross,Nakashima,Nishioka,0-0,Nishioka,-0.6150000000000002,11.79,0.10499999999999954,-16.02,-1.5350000000000001,11.79,-1.5350000000000001,11.79,0.10499999999999954,-16.02,3
1514,1514,229,200395.0,6.12,25.86,5.87,-3.97,5.08,25.86,Nakashima,Hit,Fore,Cross,Nakashima,Nishioka,0-0,Nishioka,0.6349999999999998,13.969999999999999,0.3849999999999998,-15.860000000000001,-0.40500000000000025,13.969999999999999,-0.40500000000000025,13.969999999999999,0.3849999999999998,-15.860000000000001,7
1520,1520,230,202122.0,0.75,-1.18,2.04,-1.18,7.54,25.5,Nakashima,Hit,Fore,Cross,Nishioka,Nakashima,0-1,Nakashima,-4.735,-13.07,-3.4450000000000003,-13.07,2.0549999999999997,13.61,-3.4450000000000003,-13.07,2.0549999999999997,13.61,5
1524,1524,230,202203.0,9.45,-3.81,8.19,-3.81,5.76,23.99,Nakashima,Hit,Back,Cross,Nishioka,Nakashima,0-1,Nakashima,3.964999999999999,-15.700000000000001,2.704999999999999,-15.700000000000001,0.27499999999999947,12.099999999999998,2.704999999999999,-15.700000000000001,0.27499999999999947,12.099999999999998,9
1532,1532,232,203152.0,5.18,-1.36,6.19,-1.36,-18.87,-36.44,Nakashima,Hit,Fore,Cross,Nishioka,Nakashima,0-1,Nishioka,-0.3050000000000006,-13.25,0.7050000000000001,-13.25,-24.355,-48.33,0.7050000000000001,-13.25,-24.355,-48.33,5
1536,1536,232,203231.0,4.14,-0.74,5.22,-0.74,8.71,26.54,Nakashima,Hit,Fore,Cross,Nishioka,Nakashima,0-1,Nishioka,-1.3450000000000006,-12.63,-0.26500000000000057,-12.63,3.2250000000000005,14.649999999999999,-0.26500000000000057,-12.63,3.2250000000000005,14.649999999999999,9
1540,1540,232,203315.0,10.63,-1.38,9.3,-1.38,4.58,25.84,Nakashima,Hit,Back,Cross,Nishioka,Nakashima,0-1,Nishioka,5.1450000000000005,-13.27,3.8150000000000004,-13.27,-0.9050000000000002,13.95,3.8150000000000004,-13.27,-0.9050000000000002,13.95,13
1549,1549,236,206023.0,2.07,-1.42,3.59,-1.42,-17.64,-36.92,Nakashima,Hit,Fore,Cross,Nakashima,Nishioka,0-2,Nishioka,-3.4150000000000005,-13.31,-1.8950000000000005,-13.31,-23.125,-48.81,-1.8950000000000005,-13.31,-23.125,-48.81,3
1553,1553,236,206099.0,7.65,-0.35,6.36,-0.35,5.36,25.65,Nakashima,Hit,Back,Cross,Nakashima,Nishioka,0-2,Nishioka,2.165,-12.24,0.875,-12.24,-0.125,13.759999999999998,0.875,-12.24,-0.125,13.759999999999998,7
1557,1557,237,206719.0,6.27,1.1,7.31,1.1,2.77,26.56,Nakashima,Hit,Fore,Cross,Nakashima,Nishioka,0-2,Nishioka,0.7849999999999993,-10.790000000000001,1.8249999999999993,-10.790000000000001,-2.7150000000000003,14.669999999999998,1.8249999999999993,-10.790000000000001,-2.7150000000000003,14.669999999999998,3
1561,1561,238,207534.0,6.3,-2.31,5.29,-2.31,8.07,25.11,Nakashima,Hit,Back,Cross,Nakashima,Nishioka,0-2,Nishioka,0.8149999999999995,-14.200000000000001,-0.19500000000000028,-14.200000000000001,2.585,13.219999999999999,-0.19500000000000028,-14.200000000000001,2.585,13.219999999999999,3
1565,1565,238,207628.0,9.13,0.1,7.83,0.1,4.52,26.53,Nakashima,Hit,Back,Cross,Nakashima,Nishioka,0-2,Nishioka,3.6450000000000005,-11.790000000000001,2.3449999999999998,-11.790000000000001,-0.9650000000000007,14.64,2.3449999999999998,-11.790000000000001,-0.9650000000000007,14.64,7
1569,1569,238,207733.0,3.73,7.16,5.0,7.16,6.08,24.18,Nakashima,Hit,Fore,Cross,Nakashima,Nishioka,0-2,Nishioka,-1.7550000000000003,-4.73,-0.4850000000000003,-4.73,0.5949999999999998,12.29,-0.4850000000000003,-4.73,0.5949999999999998,12.29,11
1576,1576,239,208624.0,7.37,1.31,8.35,1.31,5.42,27.41,Nakashima,Hit,Fore,Cross,Nakashima,Nishioka,0-2,Nishioka,1.8849999999999998,-10.58,2.8649999999999993,-10.58,-0.06500000000000039,15.52,2.8649999999999993,-10.58,-0.06500000000000039,15.52,3
1580,1580,239,208705.0,-0.1,-0.45,1.72,-0.45,7.13,25.83,Nakashima,Hit,Fore,Cross,Nakashima,Nishioka,0-2,Nishioka,-5.585,-12.34,-3.7650000000000006,-12.34,1.6449999999999996,13.939999999999998,-3.7650000000000006,-12.34,1.6449999999999996,13.939999999999998,7
1584,1584,239,208794.0,2.57,-0.57,3.57,-0.57,7.99,24.7,Nakashima,Hit,Fore,Cross,Nakashima,Nishioka,0-2,Nishioka,-2.9150000000000005,-12.46,-1.9150000000000005,-12.46,2.505,12.809999999999999,-1.9150000000000005,-12.46,2.505,12.809999999999999,11
1588,1588,239,208878.0,3.49,-1.63,4.52,-1.63,7.79,26.7,Nakashima,Hit,Fore,Cross,Nakashima,Nishioka,0-2,Nishioka,-1.995,-13.52,-0.9650000000000007,-13.52,2.3049999999999997,14.809999999999999,-0.9650000000000007,-13.52,2.3049999999999997,14.809999999999999,15
1592,1592,239,208953.0,5.84,-1.25,4.95,-1.25,5.53,26.1,Nakashima,Hit,Back,Cross,Nakashima,Nishioka,0-2,Nishioka,0.35499999999999954,-13.14,-0.5350000000000001,-13.14,0.04499999999999993,14.21,-0.5350000000000001,-13.14,0.04499999999999993,14.21,19
1596,1596,239,209041.0,5.32,-1.86,6.11,-1.86,3.91,25.7,Nakashima,Hit,Fore,Cross,Nakashima,Nishioka,0-2,Nishioka,-0.16500000000000004,-13.75,0.625,-13.75,-1.5750000000000002,13.809999999999999,0.625,-13.75,-1.5750000000000002,13.809999999999999,23
1600,1600,239,209133.0,8.23,-1.76,6.84,-1.76,6.99,25.95,Nakashima,Hit,Back,Cross,Nakashima,Nishioka,0-2,Nishioka,2.745,-13.65,1.3549999999999995,-13.65,1.505,14.059999999999999,1.3549999999999995,-13.65,1.505,14.059999999999999,27
1604,1604,239,209221.0,11.32,-0.8,10.04,-0.8,3.76,25.55,Nakashima,Hit,Back,Cross,Nakashima,Nishioka,0-2,Nishioka,5.835,-12.690000000000001,4.554999999999999,-12.690000000000001,-1.7250000000000005,13.66,4.554999999999999,-12.690000000000001,-1.7250000000000005,13.66,31
1608,1608,239,209309.0,3.97,-2.68,4.96,-2.68,4.47,25.18,Nakashima,Hit,Fore,Cross,Nakashima,Nishioka,0-2,Nishioka,-1.5150000000000001,-14.57,-0.5250000000000004,-14.57,-1.0150000000000006,13.29,-0.5250000000000004,-14.57,-1.0150000000000006,13.29,35
1616,1616,243,213959.0,5.24,24.83,5.13,-1.79,6.12,24.83,Nakashima,Hit,Back,Cross,Nishioka,Nakashima,0-3,Nishioka,-0.2450000000000001,12.939999999999998,-0.3550000000000004,-13.68,0.6349999999999998,12.939999999999998,0.6349999999999998,12.939999999999998,-0.3550000000000004,-13.68,5
1622,1622,245,214907.0,2.04,26.63,5.96,-2.92,3.1,26.63,Nakashima,Hit,Back,Cross,Nishioka,Nakashima,0-3,Nishioka,-3.4450000000000003,14.739999999999998,0.47499999999999964,-14.81,-2.3850000000000002,14.739999999999998,-2.3850000000000002,14.739999999999998,0.47499999999999964,-14.81,5
1631,1631,248,217201.0,5.99,23.97,2.84,-0.61,6.83,23.97,Nakashima,Hit,Back,Cross,Nakashima,Nishioka,0-4,Nishioka,0.5049999999999999,12.079999999999998,-2.6450000000000005,-12.5,1.3449999999999998,12.079999999999998,1.3449999999999998,12.079999999999998,-2.6450000000000005,-12.5,3
1635,1635,248,217283.0,3.47,23.95,6.08,-3.5,-1.22,23.95,Nakashima,Hit,Fore,Cross,Nakashima,Nishioka,0-4,Nishioka,-2.015,12.059999999999999,0.5949999999999998,-15.39,-6.705,12.059999999999999,-6.705,12.059999999999999,0.5949999999999998,-15.39,7
1639,1639,248,217362.0,8.79,25.61,4.9,-2.87,7.35,25.61,Nakashima,Hit,Fore,Cross,Nakashima,Nishioka,0-4,Nishioka,3.304999999999999,13.719999999999999,-0.585,-14.760000000000002,1.8649999999999993,13.719999999999999,1.8649999999999993,13.719999999999999,-0.585,-14.760000000000002,11
1643,1643,248,217439.0,7.92,25.4,5.03,-1.48,6.77,25.4,Nakashima,Hit,Fore,Cross,Nakashima,Nishioka,0-4,Nishioka,2.4349999999999996,13.509999999999998,-0.45500000000000007,-13.370000000000001,1.2849999999999993,13.509999999999998,1.2849999999999993,13.509999999999998,-0.45500000000000007,-13.370000000000001,15
1647,1647,248,217524.0,10.11,25.24,3.03,-1.89,8.71,25.24,Nakashima,Hit,Fore,Cross,Nakashima,Nishioka,0-4,Nishioka,4.624999999999999,13.349999999999998,-2.4550000000000005,-13.780000000000001,3.2250000000000005,13.349999999999998,3.2250000000000005,13.349999999999998,-2.4550000000000005,-13.780000000000001,19
1651,1651,248,217598.0,8.23,25.74,2.99,-2.41,7.14,25.74,Nakashima,Hit,Fore,Cross,Nakashima,Nishioka,0-4,Nishioka,2.745,13.849999999999998,-2.495,-14.3,1.6549999999999994,13.849999999999998,1.6549999999999994,13.849999999999998,-2.495,-14.3,23
1655,1655,248,217690.0,0.8,25.6,-9.04,-3.5,2.25,25.6,Nakashima,Hit,Back,Cross,Nakashima,Nishioka,0-4,Nishioka,-4.6850000000000005,13.71,-14.524999999999999,-15.39,-3.2350000000000003,13.71,-3.2350000000000003,13.71,-14.524999999999999,-15.39,27
1659,1659,248,217770.0,9.79,26.23,-9.33,-3.52,8.05,26.23,Nakashima,Hit,Fore,Cross,Nakashima,Nishioka,0-4,Nishioka,4.304999999999999,14.34,-14.815000000000001,-15.41,2.5650000000000004,14.34,2.5650000000000004,14.34,-14.815000000000001,-15.41,31
1671,1671,253,220658.0,6.07,24.59,2.3,-1.24,6.77,24.59,Nakashima,Hit,Back,Cross,Nakashima,Nishioka,0-4,Nakashima,0.585,12.7,-3.1850000000000005,-13.13,1.2849999999999993,12.7,1.2849999999999993,12.7,-3.1850000000000005,-13.13,3
1675,1675,253,220732.0,9.14,24.57,6.54,-1.59,7.19,24.57,Nakashima,Hit,Fore,Cross,Nakashima,Nishioka,0-4,Nakashima,3.6550000000000002,12.68,1.0549999999999997,-13.48,1.705,12.68,1.705,12.68,1.0549999999999997,-13.48,7
1679,1679,253,220840.0,10.45,25.79,3.67,1.71,8.87,25.79,Nakashima,Hit,Fore,Cross,Nakashima,Nishioka,0-4,Nakashima,4.964999999999999,13.899999999999999,-1.8150000000000004,-10.18,3.384999999999999,13.899999999999999,3.384999999999999,13.899999999999999,-1.8150000000000004,-10.18,11
1683,1683,253,220931.0,2.88,24.54,3.69,4.04,3.8,24.54,Nakashima,Hit,Back,Cross,Nakashima,Nishioka,0-4,Nakashima,-2.6050000000000004,12.649999999999999,-1.7950000000000004,-7.8500000000000005,-1.6850000000000005,12.649999999999999,-1.6850000000000005,12.649999999999999,-1.7950000000000004,-7.8500000000000005,15
1691,1691,255,224691.0,4.17,-2.81,5.31,-2.81,5.88,25.89,Nakashima,Hit,Fore,Cross,Nishioka,Nakashima,1-4,Nishioka,-1.3150000000000004,-14.700000000000001,-0.1750000000000007,-14.700000000000001,0.3949999999999996,14.0,-0.1750000000000007,-14.700000000000001,0.3949999999999996,14.0,5
1695,1695,255,224770.0,6.09,-2.12,5.3,-2.12,5.6,25.35,Nakashima,Hit,Back,Cross,Nishioka,Nakashima,1-4,Nishioka,0.6049999999999995,-14.010000000000002,-0.1850000000000005,-14.010000000000002,0.11499999999999932,13.46,-0.1850000000000005,-14.010000000000002,0.11499999999999932,13.46,9
1699,1699,255,224854.0,3.59,-2.52,4.76,-2.52,5.57,27.12,Nakashima,Hit,Fore,Cross,Nishioka,Nakashima,1-4,Nishioka,-1.8950000000000005,-14.41,-0.7250000000000005,-14.41,0.08499999999999996,15.23,-0.7250000000000005,-14.41,0.08499999999999996,15.23,13
1703,1703,255,224938.0,3.32,-2.42,4.43,-2.42,6.13,26.38,Nakashima,Hit,Fore,Cross,Nishioka,Nakashima,1-4,Nishioka,-2.1650000000000005,-14.31,-1.0550000000000006,-14.31,0.6449999999999996,14.489999999999998,-1.0550000000000006,-14.31,0.6449999999999996,14.489999999999998,17
1707,1707,255,225033.0,5.63,1.45,6.3,1.45,6.05,27.37,Nakashima,Hit,Fore,Cross,Nishioka,Nakashima,1-4,Nishioka,0.14499999999999957,-10.440000000000001,0.8149999999999995,-10.440000000000001,0.5649999999999995,15.48,0.8149999999999995,-10.440000000000001,0.5649999999999995,15.48,21
1711,1711,255,225096.0,5.37,6.06,6.2,6.06,-0.12,26.57,Nakashima,Hit,Fore,Cross,Nishioka,Nakashima,1-4,Nishioka,-0.11500000000000021,-5.830000000000001,0.7149999999999999,-5.830000000000001,-5.605,14.68,0.7149999999999999,-5.830000000000001,-5.605,14.68,25
1724,1724,258,226645.0,3.09,0.71,4.33,0.71,6.29,26.93,Nakashima,Hit,Fore,Cross,Nishioka,Nakashima,1-4,Nishioka,-2.3950000000000005,-11.18,-1.1550000000000002,-11.18,0.8049999999999997,15.04,-1.1550000000000002,-11.18,0.8049999999999997,15.04,5
1733,1733,259,227596.0,3.63,-3.69,5.01,-3.69,5.03,23.92,Nakashima,Hit,Fore,Cross,Nishioka,Nakashima,1-4,Nakashima,-1.8550000000000004,-15.58,-0.47500000000000053,-15.58,-0.45500000000000007,12.030000000000001,-0.47500000000000053,-15.58,-0.45500000000000007,12.030000000000001,5
1741,1741,261,228555.0,4.29,-0.87,4.95,-0.87,5.84,25.93,Nakashima,Hit,Fore,Cross,Nishioka,Nakashima,1-4,Nishioka,-1.1950000000000003,-12.76,-0.5350000000000001,-12.76,0.35499999999999954,14.04,-0.5350000000000001,-12.76,0.35499999999999954,14.04,5
1745,1745,261,228623.0,1.6,-2.29,2.76,-2.29,7.38,24.73,Nakashima,Hit,Fore,Cross,Nishioka,Nakashima,1-4,Nishioka,-3.8850000000000002,-14.18,-2.7250000000000005,-14.18,1.8949999999999996,12.84,-2.7250000000000005,-14.18,1.8949999999999996,12.84,9
1749,1749,261,228708.0,1.42,-2.0,2.61,-2.0,7.09,24.32,Nakashima,Hit,Fore,Cross,Nishioka,Nakashima,1-4,Nishioka,-4.065,-13.89,-2.8750000000000004,-13.89,1.6049999999999995,12.43,-2.8750000000000004,-13.89,1.6049999999999995,12.43,13
1757,1757,264,230484.0,7.4,-0.99,6.47,-0.99,7.42,23.6,Nakashima,Hit,Back,Cross,Nakashima,Nishioka,1-5,Nishioka,1.915,-12.88,0.9849999999999994,-12.88,1.9349999999999996,11.71,0.9849999999999994,-12.88,1.9349999999999996,11.71,3
1761,1761,264,230567.0,11.44,-2.86,9.14,-2.86,4.38,24.39,Nakashima,Hit,Back,Cross,Nakashima,Nishioka,1-5,Nishioka,5.954999999999999,-14.75,3.6550000000000002,-14.75,-1.1050000000000004,12.5,3.6550000000000002,-14.75,-1.1050000000000004,12.5,7
1766,1766,266,231837.0,8.26,-1.35,8.95,-1.35,4.98,26.65,Nakashima,Hit,Fore,Cross,Nakashima,Nishioka,1-5,Nakashima,2.7749999999999995,-13.24,3.464999999999999,-13.24,-0.5049999999999999,14.759999999999998,3.464999999999999,-13.24,-0.5049999999999999,14.759999999999998,3
1770,1770,266,231912.0,3.77,-2.92,5.01,-2.92,1.03,26.19,Nakashima,Hit,Fore,Cross,Nakashima,Nishioka,1-5,Nakashima,-1.7150000000000003,-14.81,-0.47500000000000053,-14.81,-4.455,14.3,-0.47500000000000053,-14.81,-4.455,14.3,7
1774,1774,266,231993.0,8.09,-1.74,6.92,-1.74,5.51,25.48,Nakashima,Hit,Back,Cross,Nakashima,Nishioka,1-5,Nakashima,2.6049999999999995,-13.63,1.4349999999999996,-13.63,0.024999999999999467,13.59,1.4349999999999996,-13.63,0.024999999999999467,13.59,11
1778,1778,266,232066.0,2.18,-1.23,3.37,-1.23,6.22,25.43,Nakashima,Hit,Fore,Cross,Nakashima,Nishioka,1-5,Nakashima,-3.305,-13.120000000000001,-2.115,-13.120000000000001,0.7349999999999994,13.54,-2.115,-13.120000000000001,0.7349999999999994,13.54,15
1782,1782,266,232144.0,1.53,-1.65,2.5,-1.65,8.33,23.93,Nakashima,Hit,Fore,Cross,Nakashima,Nishioka,1-5,Nakashima,-3.955,-13.540000000000001,-2.9850000000000003,-13.540000000000001,2.8449999999999998,12.04,-2.9850000000000003,-13.540000000000001,2.8449999999999998,12.04,19
1786,1786,266,232228.0,1.38,-3.54,2.71,-3.54,5.08,18.43,Nakashima,Hit,Fore,Cross,Nakashima,Nishioka,1-5,Nakashima,-4.105,-15.43,-2.7750000000000004,-15.43,-0.40500000000000025,6.539999999999999,-2.7750000000000004,-15.43,-0.40500000000000025,6.539999999999999,23
1792,1792,267,233069.0,3.58,-0.98,4.95,-0.98,6.24,27.24,Nakashima,Hit,Fore,Cross,Nakashima,Nishioka,1-5,Nishioka,-1.9050000000000002,-12.870000000000001,-0.5350000000000001,-12.870000000000001,0.7549999999999999,15.349999999999998,-0.5350000000000001,-12.870000000000001,0.7549999999999999,15.349999999999998,3
1796,1796,268,233828.0,2.66,-0.79,3.89,-0.79,10.46,23.51,Nakashima,Hit,Fore,Cross,Nakashima,Nishioka,1-5,Nishioka,-2.825,-12.68,-1.5950000000000002,-12.68,4.9750000000000005,11.620000000000001,-1.5950000000000002,-12.68,4.9750000000000005,11.620000000000001,3
1800,1800,268,233923.0,11.22,-3.36,9.43,-3.36,5.73,19.89,Nakashima,Hit,Back,Cross,Nakashima,Nishioka,1-5,Nishioka,5.735,-15.25,3.9449999999999994,-15.25,0.2450000000000001,8.0,3.9449999999999994,-15.25,0.2450000000000001,8.0,7
1809,1809,271,235694.0,10.68,-1.54,8.78,-1.54,4.92,24.94,Nakashima,Hit,Back,Cross,Nakashima,Nishioka,1-5,Nishioka,5.194999999999999,-13.43,3.294999999999999,-13.43,-0.5650000000000004,13.05,3.294999999999999,-13.43,-0.5650000000000004,13.05,3
1813,1813,271,235782.0,10.64,-2.08,9.13,-2.08,4.24,24.56,Nakashima,Hit,Back,Cross,Nakashima,Nishioka,1-5,Nishioka,5.155,-13.97,3.6450000000000005,-13.97,-1.245,12.669999999999998,3.6450000000000005,-13.97,-1.245,12.669999999999998,7
1817,1817,271,235869.0,4.61,-1.87,5.9,-1.87,4.79,25.76,Nakashima,Hit,Fore,Cross,Nakashima,Nishioka,1-5,Nishioka,-0.875,-13.760000000000002,0.41500000000000004,-13.760000000000002,-0.6950000000000003,13.870000000000001,0.41500000000000004,-13.760000000000002,-0.6950000000000003,13.870000000000001,11
1821,1821,271,235948.0,0.48,-0.28,1.74,-0.28,8.06,25.75,Nakashima,Hit,Fore,Cross,Nakashima,Nishioka,1-5,Nishioka,-5.005000000000001,-12.17,-3.745,-12.17,2.575,13.86,-3.745,-12.17,2.575,13.86,15
1825,1825,272,236776.0,2.12,-0.24,3.57,-0.24,6.05,27.3,Nakashima,Hit,Fore,Cross,Nakashima,Nishioka,1-5,Nakashima,-3.365,-12.13,-1.9150000000000005,-12.13,0.5649999999999995,15.41,-1.9150000000000005,-12.13,0.5649999999999995,15.41,3
1830,1830,274,237794.0,4.45,-0.4,3.9,-0.4,8.99,22.93,Nakashima,Hit,Back,Cross,Nakashima,Nishioka,1-5,Nishioka,-1.0350000000000001,-12.290000000000001,-1.5850000000000004,-12.290000000000001,3.505,11.04,-1.5850000000000004,-12.290000000000001,3.505,11.04,3
1834,1834,275,238552.0,4.97,2.95,5.85,2.95,5.66,27.01,Nakashima,Hit,Fore,Cross,Nakashima,Nishioka,1-5,Nakashima,-0.5150000000000006,-8.940000000000001,0.3649999999999993,-8.940000000000001,0.17499999999999982,15.120000000000001,0.3649999999999993,-8.940000000000001,0.17499999999999982,15.120000000000001,3
1840,1840,277,239527.0,5.55,0.0,4.48,0.0,5.78,25.1,Nakashima,Hit,Back,Cross,Nakashima,Nishioka,1-5,Nishioka,0.0649999999999995,-11.89,-1.005,-11.89,0.29499999999999993,13.21,-1.005,-11.89,0.29499999999999993,13.21,3
1850,1850,281,245011.0,9.09,26.95,5.58,2.95,7.59,26.95,Nakashima,Hit,Fore,Cross,Nishioka,Nakashima,2-5,Nakashima,3.6049999999999995,15.059999999999999,0.09499999999999975,-8.940000000000001,2.1049999999999995,15.059999999999999,2.1049999999999995,15.059999999999999,0.09499999999999975,-8.940000000000001,5
1857,1857,282,245614.0,6.59,27.46,-7.92,-4.62,5.34,27.46,Nakashima,Hit,Fore,Cross,Nishioka,Nakashima,2-5,Nishioka,1.1049999999999995,15.57,-13.405000000000001,-16.51,-0.14500000000000046,15.57,-0.14500000000000046,15.57,-13.405000000000001,-16.51,5
1861,1861,282,245695.0,7.1,25.3,4.84,-3.26,6.01,25.3,Nakashima,Hit,Fore,Cross,Nishioka,Nakashima,2-5,Nishioka,1.6149999999999993,13.41,-0.6450000000000005,-15.15,0.5249999999999995,13.41,0.5249999999999995,13.41,-0.6450000000000005,-15.15,9
1865,1865,282,245770.0,8.04,24.7,4.09,-3.0,6.88,24.7,Nakashima,Hit,Fore,Cross,Nishioka,Nakashima,2-5,Nishioka,2.554999999999999,12.809999999999999,-1.3950000000000005,-14.89,1.3949999999999996,12.809999999999999,1.3949999999999996,12.809999999999999,-1.3950000000000005,-14.89,13
1869,1869,282,245846.0,1.98,25.08,6.21,-3.52,3.18,25.08,Nakashima,Hit,Back,Cross,Nishioka,Nakashima,2-5,Nishioka,-3.5050000000000003,13.189999999999998,0.7249999999999996,-15.41,-2.305,13.189999999999998,-2.305,13.189999999999998,0.7249999999999996,-15.41,17
1875,1875,284,246772.0,5.79,24.93,5.7,-3.66,4.68,24.93,Nakashima,Hit,Fore,Cross,Nishioka,Nakashima,2-5,Nakashima,0.3049999999999997,13.04,0.21499999999999986,-15.55,-0.8050000000000006,13.04,-0.8050000000000006,13.04,0.21499999999999986,-15.55,5
1885,1885,287,248306.0,0.21,27.28,4.91,4.46,1.78,27.28,Nakashima,Hit,Back,Cross,Nishioka,Nakashima,2-5,Nakashima,-5.275,15.39,-0.5750000000000002,-7.430000000000001,-3.705,15.39,-3.705,15.39,-0.5750000000000002,-7.430000000000001,5
1891,1891,291,250355.0,9.58,21.9,3.79,-3.12,8.24,21.9,Nakashima,Hit,Fore,Cross,Nakashima,Nishioka,3-5,Nakashima,4.095,10.009999999999998,-1.6950000000000003,-15.010000000000002,2.755,10.009999999999998,2.755,10.009999999999998,-1.6950000000000003,-15.010000000000002,3
1895,1895,291,250449.0,4.96,21.4,3.82,-2.04,3.42,21.4,Nakashima,Hit,Fore,Cross,Nakashima,Nishioka,3-5,Nakashima,-0.5250000000000004,9.509999999999998,-1.6650000000000005,-13.93,-2.0650000000000004,9.509999999999998,-2.0650000000000004,9.509999999999998,-1.6650000000000005,-13.93,7
1908,1908,297,256036.0,3.94,-1.88,5.21,-1.88,5.84,26.26,Nakashima,Hit,Fore,Cross,Nishioka,Nakashima,4-5,Nishioka,-1.5450000000000004,-13.77,-0.27500000000000036,-13.77,0.35499999999999954,14.370000000000001,-0.27500000000000036,-13.77,0.35499999999999954,14.370000000000001,5
1914,1914,299,256912.0,8.12,-2.39,8.62,-2.39,4.95,26.38,Nakashima,Hit,Fore,Cross,Nishioka,Nakashima,4-5,Nakashima,2.634999999999999,-14.280000000000001,3.134999999999999,-14.280000000000001,-0.5350000000000001,14.489999999999998,3.134999999999999,-14.280000000000001,-0.5350000000000001,14.489999999999998,5
1922,1922,300,257630.0,8.01,-2.11,6.91,-2.11,5.35,25.56,Nakashima,Hit,Back,Cross,Nishioka,Nakashima,4-5,Nishioka,2.5249999999999995,-14.0,1.4249999999999998,-14.0,-0.13500000000000068,13.669999999999998,1.4249999999999998,-14.0,-0.13500000000000068,13.669999999999998,5
1928,1928,301,258334.0,3.34,-1.85,4.21,-1.85,4.65,25.46,Nakashima,Hit,Fore,Cross,Nishioka,Nakashima,4-5,Nishioka,-2.1450000000000005,-13.74,-1.2750000000000004,-13.74,-0.835,13.57,-1.2750000000000004,-13.74,-0.835,13.57,5
1932,1932,301,258426.0,0.8,-1.22,1.94,-1.22,8.4,24.33,Nakashima,Hit,Fore,Cross,Nishioka,Nakashima,4-5,Nishioka,-4.6850000000000005,-13.110000000000001,-3.5450000000000004,-13.110000000000001,2.915,12.439999999999998,-3.5450000000000004,-13.110000000000001,2.915,12.439999999999998,9
1936,1936,301,258505.0,4.62,-1.24,3.96,-1.24,6.09,25.89,Nakashima,Hit,Back,Cross,Nishioka,Nakashima,4-5,Nishioka,-0.8650000000000002,-13.13,-1.5250000000000004,-13.13,0.6049999999999995,14.0,-1.5250000000000004,-13.13,0.6049999999999995,14.0,13
1940,1940,301,258581.0,7.39,-0.59,6.29,-0.59,5.01,26.95,Nakashima,Hit,Back,Cross,Nishioka,Nakashima,4-5,Nishioka,1.9049999999999994,-12.48,0.8049999999999997,-12.48,-0.47500000000000053,15.059999999999999,0.8049999999999997,-12.48,-0.47500000000000053,15.059999999999999,17
1944,1944,301,258670.0,11.05,-0.11,9.36,-0.11,4.19,26.63,Nakashima,Hit,Back,Cross,Nishioka,Nakashima,4-5,Nishioka,5.565,-12.0,3.874999999999999,-12.0,-1.295,14.739999999999998,3.874999999999999,-12.0,-1.295,14.739999999999998,21
1950,1950,303,259804.0,11.55,-5.01,9.82,-5.01,4.98,25.17,Nakashima,Hit,Back,Cross,Nishioka,Nakashima,4-5,Nakashima,6.065,-16.9,4.335,-16.9,-0.5049999999999999,13.280000000000001,4.335,-16.9,-0.5049999999999999,13.280000000000001,5
1954,1954,303,259891.0,3.14,-4.07,4.78,-4.07,5.95,24.14,Nakashima,Hit,Fore,Cross,Nishioka,Nakashima,4-5,Nakashima,-2.345,-15.96,-0.7050000000000001,-15.96,0.46499999999999986,12.25,-0.7050000000000001,-15.96,0.46499999999999986,12.25,9
1958,1958,303,259976.0,4.36,-1.1,5.53,-1.1,6.93,26.52,Nakashima,Hit,Fore,Cross,Nishioka,Nakashima,4-5,Nakashima,-1.125,-12.99,0.04499999999999993,-12.99,1.4449999999999994,14.629999999999999,0.04499999999999993,-12.99,1.4449999999999994,14.629999999999999,13
1962,1962,303,260053.0,5.02,-1.13,4.24,-1.13,7.14,25.87,Nakashima,Hit,Back,Cross,Nishioka,Nakashima,4-5,Nakashima,-0.46500000000000075,-13.02,-1.245,-13.02,1.6549999999999994,13.98,-1.245,-13.02,1.6549999999999994,13.98,17
1966,1966,303,260142.0,11.2,-1.86,9.9,-1.86,4.17,26.01,Nakashima,Hit,Back,Cross,Nishioka,Nakashima,4-5,Nakashima,5.714999999999999,-13.75,4.415,-13.75,-1.3150000000000004,14.120000000000001,4.415,-13.75,-1.3150000000000004,14.120000000000001,21
1974,1974,304,261050.0,3.54,-2.41,4.6,-2.41,5.83,25.74,Nakashima,Hit,Fore,Cross,Nishioka,Nakashima,4-5,Nishioka,-1.9450000000000003,-14.3,-0.8850000000000007,-14.3,0.34499999999999975,13.849999999999998,-0.8850000000000007,-14.3,0.34499999999999975,13.849999999999998,5
1978,1978,304,261129.0,0.46,-1.76,1.92,-1.76,6.56,24.8,Nakashima,Hit,Fore,Cross,Nishioka,Nakashima,4-5,Nishioka,-5.025,-13.65,-3.5650000000000004,-13.65,1.0749999999999993,12.91,-3.5650000000000004,-13.65,1.0749999999999993,12.91,9
1982,1982,304,261207.0,6.16,-1.75,5.64,-1.75,5.44,23.99,Nakashima,Hit,Back,Cross,Nishioka,Nakashima,4-5,Nishioka,0.6749999999999998,-13.64,0.15499999999999936,-13.64,-0.04499999999999993,12.099999999999998,0.15499999999999936,-13.64,-0.04499999999999993,12.099999999999998,13
1986,1986,304,261291.0,3.98,-1.62,4.65,-1.62,5.72,26.08,Nakashima,Hit,Fore,Cross,Nishioka,Nakashima,4-5,Nishioka,-1.5050000000000003,-13.510000000000002,-0.835,-13.510000000000002,0.23499999999999943,14.189999999999998,-0.835,-13.510000000000002,0.23499999999999943,14.189999999999998,17
1990,1990,304,261368.0,2.73,-0.4,3.55,-0.4,7.01,26.18,Nakashima,Hit,Fore,Cross,Nishioka,Nakashima,4-5,Nishioka,-2.7550000000000003,-12.290000000000001,-1.9350000000000005,-12.290000000000001,1.5249999999999995,14.29,-1.9350000000000005,-12.290000000000001,1.5249999999999995,14.29,21
